"fileNames","imgName"
"001_CC_1_15v_x30_BSE.jpg","001_CC_1_15v_x30_BSE"
"001_CC_2_15v_x30_BSE.jpg","001_CC_2_15v_x30_BSE"
"001i_CC_1_5v_x30_BSE.jpg","001i_CC_1_5v_x30_BSE"
"001i_CC_2_5v_x30_BSE.jpg","001i_CC_2_5v_x30_BSE"
"002i_CV_1_15v_x30_BSE.jpg","002i_CV_1_15v_x30_BSE"
"002i_CV_2_15v_x30_BSE.jpg","002i_CV_2_15v_x30_BSE"
"003i_CV_1_15v_x30_BSE.jpg","003i_CV_1_15v_x30_BSE"
"003i_CV_2_15v_x30_BSE.jpg","003i_CV_2_15v_x30_BSE"
"004_CC_1_15v_x30_BSE.jpg","004_CC_1_15v_x30_BSE"
"004_CC_2_15v_x30_BSE.jpg","004_CC_2_15v_x30_BSE"
"004_CV_1_15v_x30.jpg","004_CV_1_15v_x30"
"004i_CV_1_15v_x30.BSE.jpg","004i_CV_1_15v_x30"
"004i_CV_2_15v_x30.BSE.jpg","004i_CV_2_15v_x30"
"005_CV_1_15v_x30_BSE.jpg","005_CV_1_15v_x30_BSE"
"005_CV_1_15v_x30.jpg","005_CV_1_15v_x30"
"005_CV_2_15v_x30_BSE.jpg","005_CV_2_15v_x30_BSE"
"005i_F_2_15v_x30.BSE.jpg","005i_F_2_15v_x30"
"006_CC_1_15v_x30_BSE.jpg","006_CC_1_15v_x30_BSE"
"006_CC_2_15v_x30_BSE.jpg","006_CC_2_15v_x30_BSE"
"006_CC_3_15v_x30_BSE.jpg","006_CC_3_15v_x30_BSE"
"007i_CV_1_15v_x30.BSE.jpg","007i_CV_1_15v_x30"
"007i_CV_2_15v_x30.BSE.jpg","007i_CV_2_15v_x30"
"008_CV_1_15v_x30_BSE.jpg","008_CV_1_15v_x30_BSE"
"008_CV_2_15v_x30_BSE.jpg","008_CV_2_15v_x30_BSE"
"009_CC_1_15v_x30_BSE.jpg","009_CC_1_15v_x30_BSE"
"009_CC_2_15v_x30_BSE.jpg","009_CC_2_15v_x30_BSE"
"009i_CV_1_15v_x30.BSE.jpg","009i_CV_1_15v_x30"
"009i_CV_2_15v_x30.BSE.jpg","009i_CV_2_15v_x30"
"010_F_1_15v_x30_BSE.jpg","010_F_1_15v_x30_BSE"
"010_F_2_15v_x30_BSE.jpg","010_F_2_15v_x30_BSE"
"010i_CV_1_15v_x30.BSE.jpg","010i_CV_1_15v_x30"
"010i_CV_2_15v_x30.BSE.jpg","010i_CV_2_15v_x30"
"011i_CC_1_15v_x30.BSE.jpg","011i_CC_1_15v_x30"
"011i_CC_2_15v_x30.BSE.jpg","011i_CC_2_15v_x30"
"012_CC_1_15v_x30_BSE.jpg","012_CC_1_15v_x30_BSE"
"012_CC_2_15v_x30_BSE.jpg","012_CC_2_15v_x30_BSE"
"013_CC_1_15v_x30_BSE.jpg","013_CC_1_15v_x30_BSE"
"013_CC_2_15v_x30_BSE.jpg","013_CC_2_15v_x30_BSE"
"013i_CV_1_15v_x30.BSE.jpg","013i_CV_1_15v_x30"
"013i_CV_2_15v_x30.BSE.jpg","013i_CV_2_15v_x30"
"014i_CV_1_15v_x30.BSE.jpg","014i_CV_1_15v_x30"
"014i_CV_2_15v_x30.BSE.jpg","014i_CV_2_15v_x30"
"015_CV_1_15v_x30_BSE.jpg","015_CV_1_15v_x30_BSE"
"015_CV_2_15v_x30_BSE.jpg","015_CV_2_15v_x30_BSE"
"015i_CV_1_15v_x30.BSE.jpg","015i_CV_1_15v_x30"
"015i_CV_2_15v_x30.BSE.jpg","015i_CV_2_15v_x30"
"017_CV_1_15v_x30_BSE.jpg","017_CV_1_15v_x30_BSE"
"017_CV_2_15v_x30_BSE.jpg","017_CV_2_15v_x30_BSE"
"017i_CV_1_15v_x30.BSE.jpg","017i_CV_1_15v_x30"
"017i_CV_2_15v_x30.BSE.jpg","017i_CV_2_15v_x30"
"017i_CV_3_15v_x30.BSE.jpg","017i_CV_3_15v_x30"
"018_CC_1_15v_x30_BSE.jpg","018_CC_1_15v_x30_BSE"
"018_CC_2_15v_x30_BSE.jpg","018_CC_2_15v_x30_BSE"
"018i_CV_1_15v_x30.BSE.jpg","018i_CV_1_15v_x30"
"018i_CV_2_15v_x30.BSE.jpg","018i_CV_2_15v_x30"
"019i_CV_1_15v_x30.BSE.jpg","019i_CV_1_15v_x30"
"019i_CV_2_15v_x30.BSE.jpg","019i_CV_2_15v_x30"
"020i_CC_1_15v_x30.BSE.jpg","020i_CC_1_15v_x30"
"020i_CC_2_15v_x30.BSE.jpg","020i_CC_2_15v_x30"
"022_CV_1_15v_x30_BSE.jpg","022_CV_1_15v_x30_BSE"
"022_CV_2_15v_x30_BSE.jpg","022_CV_2_15v_x30_BSE"
"022i_CV_1_15v_x30.BSE.jpg","022i_CV_1_15v_x30"
"022i_CV_2_15v_x30.BSE.jpg","022i_CV_2_15v_x30"
"023_CV_1_15v_x30_BSE.jpg","023_CV_1_15v_x30_BSE"
"023i_CV_1_15v_x30.BSE.jpg","023i_CV_1_15v_x30"
"024_CC_1_15v_x30_BSE.jpg","024_CC_1_15v_x30_BSE"
"024_CC_2_15v_x30_BSE.jpg","024_CC_2_15v_x30_BSE"
"024_CC_3_15v_x30_BSE.jpg","024_CC_3_15v_x30_BSE"
"024i_CV_1_15v_x30.BSE.jpg","024i_CV_1_15v_x30"
"024i_CV_2_15v_x30.BSE.jpg","024i_CV_2_15v_x30"
"025_CC_1_15v_x30_BSE.jpg","025_CC_1_15v_x30_BSE"
"025_CC_2_15v_x30_BSE.jpg","025_CC_2_15v_x30_BSE"
"026_CV_2_15v_x30_BSE.jpg","026_CV_2_15v_x30_BSE"
"026i_CC_1_15v_x30.BSE.jpg","026i_CC_1_15v_x30"
"026i_CC_2_15v_x30.BSE.jpg","026i_CC_2_15v_x30"
"027i_CC_1_15v_x30.BSE.jpg","027i_CC_1_15v_x30"
"027i_CC_2_15v_x30.BSE.jpg","027i_CC_2_15v_x30"
"028_CC_1_15v_x30_BSE.jpg","028_CC_1_15v_x30_BSE"
"028_CC_2_15v_x30_BSE.jpg","028_CC_2_15v_x30_BSE"
"028i_CV_1_15v_x30.BSE.jpg","028i_CV_1_15v_x30"
"028i_CV_2_15v_x30.BSE.jpg","028i_CV_2_15v_x30"
"030_CC_1_15v_x30_BSE.jpg","030_CC_1_15v_x30_BSE"
"030_CC_2_15v_x30_BSE.jpg","030_CC_2_15v_x30_BSE"
"030i_CV_1_15v_x30.BSE.jpg","030i_CV_1_15v_x30"
"030i_CV_2_15v_x30.BSE.jpg","030i_CV_2_15v_x30"
"031_CV_2_15v_x35_BSE.jpg","031_CV_2_15v_x35_BSE"
"031i_CC_1_15v_x30.BSE.jpg","031i_CC_1_15v_x30"
"031i_CC_2_15v_x30.BSE.jpg","031i_CC_2_15v_x30"
"032_CC_1_15v_x30_BSE.jpg","032_CC_1_15v_x30_BSE"
"032i_CV_1_15v_x30.BSE.jpg","032i_CV_1_15v_x30"
"032i_CV_2_15v_x30.BSE.jpg","032i_CV_2_15v_x30"
"033_CC_1_15v_x30_BSE.jpg","033_CC_1_15v_x30_BSE"
"033_CC_2_15v_x30_BSE.jpg","033_CC_2_15v_x30_BSE"
"033i_CV_1_15v_x30.BSE.jpg","033i_CV_1_15v_x30"
"033i_CV_2_15v_x30.BSE.jpg","033i_CV_2_15v_x30"
"034_CV_1_15v_x30_BSE.jpg","034_CV_1_15v_x30_BSE"
"034_CV_2_15v_x30_BSE.jpg","034_CV_2_15v_x30_BSE"
"034i_CV_1_15v_x30.BSE.jpg","034i_CV_1_15v_x30"
"034i_CV_2_15v_x30.BSE.jpg","034i_CV_2_15v_x30"
"035_CC_1_15v_x30_BSE.jpg","035_CC_1_15v_x30_BSE"
"035_CC_2_15v_x30_BSE.jpg","035_CC_2_15v_x30_BSE"
"035i_CC_1_15v_x30.BSE.jpg","035i_CC_1_15v_x30"
"035i_CC_2_15v_x30.BSE.jpg","035i_CC_2_15v_x30"
"036_CV_1_15v_x30_BSE.jpg","036_CV_1_15v_x30_BSE"
"036_CV_2_15v_x30_BSE.jpg","036_CV_2_15v_x30_BSE"
"036i_CV_1_15v_x30.BSE.jpg","036i_CV_1_15v_x30"
"036i_CV_2_15v_x30.BSE.jpg","036i_CV_2_15v_x30"
"037_CV_1_15v_x30_BSE.jpg","037_CV_1_15v_x30_BSE"
"037i_CV_1_15v_x30.BSE.jpg","037i_CV_1_15v_x30"
"037i_CV_2_15v_x30.BSE.jpg","037i_CV_2_15v_x30"
"038i_CV_1_15v_x30.jpg","038i_CV_1_15v_x30"
"038i_CV_2_15v_x30.jpg","038i_CV_2_15v_x30"
"039_CV_1_15v_x30_BSE.jpg","039_CV_1_15v_x30_BSE"
"039i_CV_1_15v_x30.jpg","039i_CV_1_15v_x30"
"039i_CV_2_15v_x30.jpg","039i_CV_2_15v_x30"
"040_CV_1_15v_x30_BSE.jpg","040_CV_1_15v_x30_BSE"
"040_CV_2_15v_x30_BSE.jpg","040_CV_2_15v_x30_BSE"
"041_CV_1_15v_x30_BSE.jpg","041_CV_1_15v_x30_BSE"
"041_CV_2_15v_x30_BSE.jpg","041_CV_2_15v_x30_BSE"
"041i_CV_1_15v_x30.jpg","041i_CV_1_15v_x30"
"041i_CV_2_15v_x30.jpg","041i_CV_2_15v_x30"
"042_CV_1_15v_x30_BSE.jpg","042_CV_1_15v_x30_BSE"
"042_CV_2_15v_x30_BSE.jpg","042_CV_2_15v_x30_BSE"
"042i_CV_2_15v_x30.jpg","042i_CV_2_15v_x30"
"042i_CV_3_15v_x30.jpg","042i_CV_3_15v_x30"
"043i_CC_1_15v_x30.jpg","043i_CC_1_15v_x30"
"043i_CC_2_15v_x30.jpg","043i_CC_2_15v_x30"
"044_CV_1_15v_x30_BSE.jpg","044_CV_1_15v_x30_BSE"
"044i_CC_1_15v_x30.jpg","044i_CC_1_15v_x30"
"044i_CC_2_15v_x30.jpg","044i_CC_2_15v_x30"
"046_CV_1_15v_x30_BSE.jpg","046_CV_1_15v_x30_BSE"
"046i_CV_1_15v_x30.jpg","046i_CV_1_15v_x30"
"046i_CV_2_15v_x30.jpg","046i_CV_2_15v_x30"
"047_CC_1_15v_x30_BSE.jpg","047_CC_1_15v_x30_BSE"
"047i_CV_1_15v_x30.jpg","047i_CV_1_15v_x30"
"048i_CC_1_15v_x30.jpg","048i_CC_1_15v_x30"
"048i_CC_2_15v_x30.jpg","048i_CC_2_15v_x30"
"048i_CV_1_15v_x30.jpg","048i_CV_1_15v_x30"
"049_CC_1_15v_x30_BSE.jpg","049_CC_1_15v_x30_BSE"
"049_CC_2_15v_x30_BSE.jpg","049_CC_2_15v_x30_BSE"
"050_CV_1_15v_x30_BSE.jpg","050_CV_1_15v_x30_BSE"
"050_CV_2_15v_x30_BSE.jpg","050_CV_2_15v_x30_BSE"
"050i_CV_1_15v_x30.jpg","050i_CV_1_15v_x30"
"051i_CV_1_15v_x30.jpg","051i_CV_1_15v_x30"
"051i_CV_2_15v_x30.jpg","051i_CV_2_15v_x30"
"052_CC_1_15v_x30_BSE.jpg","052_CC_1_15v_x30_BSE"
"052_CC_2_15v_x30_BSE.jpg","052_CC_2_15v_x30_BSE"
"052i_CC_1_15v_x30.jpg","052i_CC_1_15v_x30"
"053i_CC_1_15v_x30.jpg","053i_CC_1_15v_x30"
"053i_CV_1_15v_x30.jpg","053i_CV_1_15v_x30"
"053i_CV_2_15v_x30.jpg","053i_CV_2_15v_x30"
"054_CV_1_15v_x30_BSE.jpg","054_CV_1_15v_x30_BSE"
"054_CV_2_15v_x30_BSE.jpg","054_CV_2_15v_x30_BSE"
"055_CC_1_15v_x30_BSE.jpg","055_CC_1_15v_x30_BSE"
"055_CC_2_15v_x30_BSE.jpg","055_CC_2_15v_x30_BSE"
"055i_CC_1_15v_x30.jpg","055i_CC_1_15v_x30"
"055i_CC_2_15v_x30.jpg","055i_CC_2_15v_x30"
"055i_CV_1_15v_x30.jpg","055i_CV_1_15v_x30"
"055i_CV_2_15v_x30.jpg","055i_CV_2_15v_x30"
"057_CC_1_15v_x30_BSE.jpg","057_CC_1_15v_x30_BSE"
"057_CC_2_15v_x30_BSE.jpg","057_CC_2_15v_x30_BSE"
"057i_CV_1_15v_x30.jpg","057i_CV_1_15v_x30"
"058_CV_1_15v_x30_BSE.jpg","058_CV_1_15v_x30_BSE"
"058_CV_2_15v_x30_BSE.jpg","058_CV_2_15v_x30_BSE"
"058i_CV_1_15v_x30.jpg","058i_CV_1_15v_x30"
"059i_CV_1_15v_x30.jpg","059i_CV_1_15v_x30"
"060_CV_1_15v_x30_BSE.jpg","060_CV_1_15v_x30_BSE"
"060_CV_2_15v_x30_BSE.jpg","060_CV_2_15v_x30_BSE"
"061_S_1_15v_x30_BSE.jpg","061_S_1_15v_x30_BSE"
"061_S_2_15v_x30_BSE.jpg","061_S_2_15v_x30_BSE"
"064_CV_1_15v_x30_BSE.jpg","064_CV_1_15v_x30_BSE"
"064_CV_2_15v_x30_BSE.jpg","064_CV_2_15v_x30_BSE"
"065_CC_1_15v_x30_BSE.jpg","065_CC_1_15v_x30_BSE"
"065_CC_2_15v_x30_BSE.jpg","065_CC_2_15v_x30_BSE"
"066_CV_1_10v_x30_BSE.jpg","066_CV_1_10v_x30_BSE"
"066_CV_2_10v_x30_BSE.jpg","066_CV_2_10v_x30_BSE"
"073_CC_1_10v_x30_BSE.jpg","073_CC_1_10v_x30_BSE"
"073_CC_2_10v_x30_BSE.jpg","073_CC_2_10v_x30_BSE"
"074_CV_1_10v_x30_BSE.jpg","074_CV_1_10v_x30_BSE"
"074_CV_2_10v_x30_BSE.jpg","074_CV_2_10v_x30_BSE"
"075_CV_1_10v_x30_BSE.jpg","075_CV_1_10v_x30_BSE"
"075_CV_2_10v_x30_BSE.jpg","075_CV_2_10v_x30_BSE"
"075_CV_3_10v_x30_BSE.jpg","075_CV_3_10v_x30_BSE"
"077_CV_1_15v_x30_BSE.jpg","077_CV_1_15v_x30_BSE"
"077_CV_2_15v_x30_BSE.jpg","077_CV_2_15v_x30_BSE"
"077_CV_3_15v_x30_BSE.jpg","077_CV_3_15v_x30_BSE"
"078_CV_1_15v_x30_BSE.jpg","078_CV_1_15v_x30_BSE"
"078_CV_2_15v_x30_BSE.jpg","078_CV_2_15v_x30_BSE"
"078_CV_3_15v_x30_BSE.jpg","078_CV_3_15v_x30_BSE"
"079_CV_1_15v_x30_BSE.jpg","079_CV_1_15v_x30_BSE"
"079_CV_2_15v_x30_BSE.jpg","079_CV_2_15v_x30_BSE"
"079_CV_3_15v_x30_BSE.jpg","079_CV_3_15v_x30_BSE"
"081_CV_1_15v_x30_BSE.jpg","081_CV_1_15v_x30_BSE"
"081_CV_2_15v_x30_BSE.jpg","081_CV_2_15v_x30_BSE"
"081_CV_3_15v_x30_BSE.jpg","081_CV_3_15v_x30_BSE"
"082_CV_1_15v_x30_BSE.jpg","082_CV_1_15v_x30_BSE"
"082_CV_2_15v_x30_BSE.jpg","082_CV_2_15v_x30_BSE"
"082_CV_3_15v_x30_BSE.jpg","082_CV_3_15v_x30_BSE"
"083_CC_1_10v_x30_BSE.jpg","083_CC_1_10v_x30_BSE"
"083_CC_2_10v_x30_BSE.jpg","083_CC_2_10v_x30_BSE"
"084_CV_1_15v_x30_BSE.jpg","084_CV_1_15v_x30_BSE"
"084_CV_2_15v_x30_BSE.jpg","084_CV_2_15v_x30_BSE"
"085_CV_1_15v_x30_BSE.jpg","085_CV_1_15v_x30_BSE"
"085_CV_2_15v_x30_BSE.jpg","085_CV_2_15v_x30_BSE"
"085_CV_3_15v_x30_BSE.jpg","085_CV_3_15v_x30_BSE"
"088_CC_1_10v_x30_BSE.jpg","088_CC_1_10v_x30_BSE"
"088_CC_2_10v_x30_BSE.jpg","088_CC_2_10v_x30_BSE"
"089_CV_1_10v_x30_BSE.jpg","089_CV_1_10v_x30_BSE"
"089_CV_2_10v_x30_BSE.jpg","089_CV_2_10v_x30_BSE"
"090_CC_1_10v_x30_BSE.jpg","090_CC_1_10v_x30_BSE"
"090_CC_2_10v_x30_BSE.jpg","090_CC_2_10v_x30_BSE"
"091_CV_1_15v_x30_BSE.jpg","091_CV_1_15v_x30_BSE"
"091_CV_2_15v_x30_BSE.jpg","091_CV_2_15v_x30_BSE"
"091_CV_3_15v_x30_BSE.jpg","091_CV_3_15v_x30_BSE"
"094_CC_1_10v_x30_BSE.jpg","094_CC_1_10v_x30_BSE"
"094_CC_2_10v_x30_BSE.jpg","094_CC_2_10v_x30_BSE"
"096_CV_1_15v_x30_BSE.jpg","096_CV_1_15v_x30_BSE"
"096_CV_2_15v_x30_BSE.jpg","096_CV_2_15v_x30_BSE"
"096_CV_3_15v_x30_BSE.jpg","096_CV_3_15v_x30_BSE"
"096_CV_4_15v_x30_BSE.jpg","096_CV_4_15v_x30_BSE"
"097_CV_1_15v_x30_BSE.jpg","097_CV_1_15v_x30_BSE"
"097_CV_2_15v_x30_BSE.jpg","097_CV_2_15v_x30_BSE"
"097_CV_3_15v_x30_BSE.jpg","097_CV_3_15v_x30_BSE"
"099_CV_1_15v_x35_BSE.jpg","099_CV_1_15v_x35_BSE"
"100_CV_1_15v_x30_BSE.jpg","100_CV_1_15v_x30_BSE"
"100_CV_2_15v_x30_BSE.jpg","100_CV_2_15v_x30_BSE"
"1000_CV_1_10v_x30_BSE.jpg","1000_CV_1_10v_x30_BSE"
"1000_CV_2_10v_x30_BSE.jpg","1000_CV_2_10v_x30_BSE"
"1000_CV_3_10v_x30_BSE.jpg","1000_CV_3_10v_x30_BSE"
"1001_CC_1_10v_x30_BSE.jpg","1001_CC_1_10v_x30_BSE"
"1001_CC_2_10v_x30_BSE.jpg","1001_CC_2_10v_x30_BSE"
"1002_F_1_10v_x30_BSE.jpg","1002_F_1_10v_x30_BSE"
"1002_F_2_10v_x30_BSE.jpg","1002_F_2_10v_x30_BSE"
"1003_CV_1_10v_x30_BSE.jpg","1003_CV_1_10v_x30_BSE"
"1003_CV_2_10v_x30_BSE.jpg","1003_CV_2_10v_x30_BSE"
"1003_CV_3_10v_x30_BSE.jpg","1003_CV_3_10v_x30_BSE"
"1004_CV_1_10v_x30_BSE.jpg","1004_CV_1_10v_x30_BSE"
"1004_CV_2_10v_x30_BSE.jpg","1004_CV_2_10v_x30_BSE"
"1005_CV_1_10v_x30_BSE.jpg","1005_CV_1_10v_x30_BSE"
"1005_CV_2_10v_x30_BSE.jpg","1005_CV_2_10v_x30_BSE"
"1006_CC_1_10v_x30_BSE.jpg","1006_CC_1_10v_x30_BSE"
"1006_CC_2_10v_x30_BSE.jpg","1006_CC_2_10v_x30_BSE"
"1007_CV_1_10v_x30_BSE.jpg","1007_CV_1_10v_x30_BSE"
"1007_CV_2_10v_x30_BSE.jpg","1007_CV_2_10v_x30_BSE"
"1008_CC_1_10v_x30_BSE.jpg","1008_CC_1_10v_x30_BSE"
"1008_CC_2_10v_x30_BSE.jpg","1008_CC_2_10v_x30_BSE"
"1009_CV_1_10v_x30_BSE.jpg","1009_CV_1_10v_x30_BSE"
"1009_CV_2_10v_x30_BSE.jpg","1009_CV_2_10v_x30_BSE"
"1009_CV_3_10v_x30_BSE.jpg","1009_CV_3_10v_x30_BSE"
"1011_CV_1_10v_x30_BSE.jpg","1011_CV_1_10v_x30_BSE"
"1011_CV_2_10v_x30_BSE.jpg","1011_CV_2_10v_x30_BSE"
"1011_CV_3_10v_x30_BSE.jpg","1011_CV_3_10v_x30_BSE"
"1012_CV_1_5v_x30_BSE.jpg","1012_CV_1_5v_x30_BSE"
"1012_CV_2_5v_x30_BSE.jpg","1012_CV_2_5v_x30_BSE"
"1013_CC_1_15v_x30_BSE.jpg","1013_CC_1_15v_x30_BSE"
"1013_CC_2_15v_x30_BSE.jpg","1013_CC_2_15v_x30_BSE"
"1014_CC_1_15v_x30_BSE.jpg","1014_CC_1_15v_x30_BSE"
"1014_CC_2_15v_x30_BSE.jpg","1014_CC_2_15v_x30_BSE"
"1015_F_1_15v_x30_BSE.jpg","1015_F_1_15v_x30_BSE"
"1015_F_2_15v_x30_BSE.jpg","1015_F_2_15v_x30_BSE"
"1016_CV_1_15v_x30.BSE.jpg","1016_CV_1_15v_x30"
"1016_CV_2_15v_x30.BSE.jpg","1016_CV_2_15v_x30"
"1018_CV_1_15v_x30.BSE.jpg","1018_CV_1_15v_x30"
"1018_CV_2_15v_x30.BSE.jpg","1018_CV_2_15v_x30"
"1019_F_1_15v_x30.BSE.jpg","1019_F_1_15v_x30"
"1019_F_2_15v_x30.BSE.jpg","1019_F_2_15v_x30"
"102_CV_1_15v_x30_BSE.jpg","102_CV_1_15v_x30_BSE"
"102_CV_2_15v_x30_BSE.jpg","102_CV_2_15v_x30_BSE"
"102_CV_3_15v_x30_BSE.jpg","102_CV_3_15v_x30_BSE"
"1020_CC_1_15V_x30_BSE.jpg","1020_CC_1_15V_x30_BSE"
"1020_CC_2_15V_x30_BSE.jpg","1020_CC_2_15V_x30_BSE"
"1020_CV_1_15V_x30_BSE.jpg","1020_CV_1_15V_x30_BSE"
"1020_CV_2_15V_x30_BSE.jpg","1020_CV_2_15V_x30_BSE"
"1021_CV_1_15V_x30_BSE.jpg","1021_CV_1_15V_x30_BSE"
"1022_CV_1_15V_x30_BSE.jpg","1022_CV_1_15V_x30_BSE"
"1022_CV_2_15V_x30_BSE.jpg","1022_CV_2_15V_x30_BSE"
"1023_CV_1_15V_x30_BSE.jpg","1023_CV_1_15V_x30_BSE"
"1023_CV_2_15V_x30_BSE.jpg","1023_CV_2_15V_x30_BSE"
"1023_CV_3_15V_x30_BSE.jpg","1023_CV_3_15V_x30_BSE"
"1024_CC_1_15V_x30_BSE.jpg","1024_CC_1_15V_x30_BSE"
"1024_CC_2_15V_x30_BSE.jpg","1024_CC_2_15V_x30_BSE"
"1025_CV_1_15V_x30_BSE.jpg","1025_CV_1_15V_x30_BSE"
"1025_CV_2_15V_x30_BSE.jpg","1025_CV_2_15V_x30_BSE"
"1027_CV_1_15V_x30_BSE.jpg","1027_CV_1_15V_x30_BSE"
"1027_CV_2_15V_x30_BSE.jpg","1027_CV_2_15V_x30_BSE"
"103_CV_1_10v_x30_BSE.jpg","103_CV_1_10v_x30_BSE"
"103_CV_2_10v_x30_BSE.jpg","103_CV_2_10v_x30_BSE"
"104_CV_1_15v_x30_BSE.jpg","104_CV_1_15v_x30_BSE"
"105_CV_1_10v_x30_BSE.jpg","105_CV_1_10v_x30_BSE"
"105_CV_2_10v_x30_BSE.jpg","105_CV_2_10v_x30_BSE"
"106_CC_1_10v_x30_BSE.jpg","106_CC_1_10v_x30_BSE"
"106_CC_2_10v_x30_BSE.jpg","106_CC_2_10v_x30_BSE"
"107_CV_2_10v_x30_BSE.jpg","107_CV_2_10v_x30_BSE"
"108_CV_1_15v_x30_BSE.jpg","108_CV_1_15v_x30_BSE"
"108_CV_2_15v_x30_BSE.jpg","108_CV_2_15v_x30_BSE"
"109_CC_2_15v_x30_BSE.jpg","109_CC_2_15v_x30_BSE"
"110_CC_1_15v_x30_BSE.jpg","110_CC_1_15v_x30_BSE"
"110_CC_2_15v_x30_BSE.jpg","110_CC_2_15v_x30_BSE"
"110_CC_3_15v_x30_BSE.jpg","110_CC_3_15v_x30_BSE"
"1100_CV_1_10v_x30_BSE.jpg","1100_CV_1_10v_x30_BSE"
"1100_CV_2_10v_x30_BSE.jpg","1100_CV_2_10v_x30_BSE"
"1100_CV_3_10v_x30_BSE.jpg","1100_CV_3_10v_x30_BSE"
"1101_CC_1_10v_x30_BSE.jpg","1101_CC_1_10v_x30_BSE"
"1101_CC_2_10v_x30_BSE.jpg","1101_CC_2_10v_x30_BSE"
"1101_CC_3_10v_x30_BSE.jpg","1101_CC_3_10v_x30_BSE"
"1102_CV_1_10v_x30_BSE.jpg","1102_CV_1_10v_x30_BSE"
"1102_CV_2_10v_x30_BSE.jpg","1102_CV_2_10v_x30_BSE"
"1102_CV_3_10v_x30_BSE.jpg","1102_CV_3_10v_x30_BSE"
"1104_CV_1_10v_x30_BSE.jpg","1104_CV_1_10v_x30_BSE"
"1104_CV_2_10v_x30_BSE.jpg","1104_CV_2_10v_x30_BSE"
"1105_CC_1_10v_x30_BSE.jpg","1105_CC_1_10v_x30_BSE"
"1105_CC_2_10v_x30_BSE.jpg","1105_CC_2_10v_x30_BSE"
"1106_CV_1_10v_x30_BSE.jpg","1106_CV_1_10v_x30_BSE"
"1106_CV_2_10v_x30_BSE.jpg","1106_CV_2_10v_x30_BSE"
"1107_CC_1_10v_x30_BSE.jpg","1107_CC_1_10v_x30_BSE"
"1107_CC_2_10v_x30_BSE.jpg","1107_CC_2_10v_x30_BSE"
"1107_CC_3_10v_x30_BSE.jpg","1107_CC_3_10v_x30_BSE"
"1108_CV_1_10v_x30_BSE.jpg","1108_CV_1_10v_x30_BSE"
"1108_CV_2_10v_x30_BSE.jpg","1108_CV_2_10v_x30_BSE"
"1108_CV_3_10v_x30_BSE.jpg","1108_CV_3_10v_x30_BSE"
"1109_CC_1_10v_x30_BSE.jpg","1109_CC_1_10v_x30_BSE"
"1109_CC_2_10v_x30_BSE.jpg","1109_CC_2_10v_x30_BSE"
"1109_CC_3_10v_x30_BSE.jpg","1109_CC_3_10v_x30_BSE"
"1111_CV_1_15v_x30_BSE.jpg","1111_CV_1_15v_x30_BSE"
"1112_CV_1_15v_x30_BSE.jpg","1112_CV_1_15v_x30_BSE"
"1112_CV_2_15v_x30_BSE.jpg","1112_CV_2_15v_x30_BSE"
"1114_CV_1_15v_x30_BSE.jpg","1114_CV_1_15v_x30_BSE"
"1115_CC_1_15v_x30_BSE.jpg","1115_CC_1_15v_x30_BSE"
"1115_CC_2_15v_x30_BSE.jpg","1115_CC_2_15v_x30_BSE"
"112_CV_1_10v_x30_BSE.jpg","112_CV_1_10v_x30_BSE"
"112_CV_2_10v_x30_BSE.jpg","112_CV_2_10v_x30_BSE"
"113_CV_1_10v_x30_BSE.jpg","113_CV_1_10v_x30_BSE"
"113_CV_2_10v_x30_BSE.jpg","113_CV_2_10v_x30_BSE"
"117_CC_2_10v_x30_BSE.jpg","117_CC_2_10v_x30_BSE"
"118_CC_1_10v_x30_BSE.jpg","118_CC_1_10v_x30_BSE"
"118_CC_2_10v_x30_BSE.jpg","118_CC_2_10v_x30_BSE"
"119_CV_1_10v_x30_BSE.jpg","119_CV_1_10v_x30_BSE"
"119_CV_2_10v_x30_BSE.jpg","119_CV_2_10v_x30_BSE"
"1200_CC_1_15v_x30_BSE.jpg","1200_CC_1_15v_x30_BSE"
"1200_CC_2_15v_x30_BSE.jpg","1200_CC_2_15v_x30_BSE"
"121_S_1_10v_x30_BSE.jpg","121_S_1_10v_x30_BSE"
"121_S_2_10v_x30_BSE.jpg","121_S_2_10v_x30_BSE"
"122_CV_1_10v_x30_BSE.jpg","122_CV_1_10v_x30_BSE"
"122_CV_2_10v_x30_BSE.jpg","122_CV_2_10v_x30_BSE"
"123_CC_1_10v_x30_BSE.jpg","123_CC_1_10v_x30_BSE"
"123_CC_2_10v_x30_BSE.jpg","123_CC_2_10v_x30_BSE"
"126_CV_1_10v_x30_BSE.jpg","126_CV_1_10v_x30_BSE"
"126_CV_2_10v_x30_BSE.jpg","126_CV_2_10v_x30_BSE"
"127_CV_1_10v_x30_BSE.jpg","127_CV_1_10v_x30_BSE"
"128_CV_1_10v_x30_BSE.jpg","128_CV_1_10v_x30_BSE"
"128_CV_2_10v_x30_BSE.jpg","128_CV_2_10v_x30_BSE"
"129_CV_1_10v_x30_BSE.jpg","129_CV_1_10v_x30_BSE"
"129_CV_2_10v_x30_BSE.jpg","129_CV_2_10v_x30_BSE"
"130_CV_1_10v_x30_BSE.jpg","130_CV_1_10v_x30_BSE"
"130_CV_2_10v_x30_BSE.jpg","130_CV_2_10v_x30_BSE"
"131_CC_1_10v_x30_BSE.jpg","131_CC_1_10v_x30_BSE"
"132_CV_1_15v_x30_BSE.jpg","132_CV_1_15v_x30_BSE"
"132_CV_2_15v_x30_BSE.jpg","132_CV_2_15v_x30_BSE"
"134_CC_1_15v_x30_BSE.jpg","134_CC_1_15v_x30_BSE"
"134_CC_2_15v_x30_BSE.jpg","134_CC_2_15v_x30_BSE"
"136_CC_1_15v_x30_BSE.jpg","136_CC_1_15v_x30_BSE"
"136_CC_2_15v_x30_BSE.jpg","136_CC_2_15v_x30_BSE"
"137_CV_1_15v_x30_BSE.jpg","137_CV_1_15v_x30_BSE"
"137_CV_2_15v_x30_BSE.jpg","137_CV_2_15v_x30_BSE"
"138_CV_1_15v_x30_BSE.jpg","138_CV_1_15v_x30_BSE"
"138_CV_2_15v_x30_BSE.jpg","138_CV_2_15v_x30_BSE"
"139_CC_1_15v_x30_BSE.jpg","139_CC_1_15v_x30_BSE"
"139_CC_2_15v_x30_BSE.jpg","139_CC_2_15v_x30_BSE"
"140_CV_1_15v_x30_BSE.jpg","140_CV_1_15v_x30_BSE"
"140_CV_2_15v_x30_BSE.jpg","140_CV_2_15v_x30_BSE"
"142_CC_1_15v_x30_BSE.jpg","142_CC_1_15v_x30_BSE"
"142_CC_2_15v_x30_BSE.jpg","142_CC_2_15v_x30_BSE"
"146_CV_1_15v_x30_BSE.jpg","146_CV_1_15v_x30_BSE"
"146_CV_2_15v_x30_BSE.jpg","146_CV_2_15v_x30_BSE"
"147_CC_1_15v_x30_BSE.jpg","147_CC_1_15v_x30_BSE"
"147_CC_2_15v_x30_BSE.jpg","147_CC_2_15v_x30_BSE"
"151_CC_1_15v_x30_BSE.jpg","151_CC_1_15v_x30_BSE"
"151_CC_2_15v_x30_BSE.jpg","151_CC_2_15v_x30_BSE"
"154_CV_1_15v_x30_BSE.jpg","154_CV_1_15v_x30_BSE"
"154_CV_3_15v_x30_BSE.jpg","154_CV_3_15v_x30_BSE"
"155_CV_1_15v_x30_BSE.jpg","155_CV_1_15v_x30_BSE"
"155_CV_2_15v_x30_BSE.jpg","155_CV_2_15v_x30_BSE"
"156_CV_1_15v_x30_BSE.jpg","156_CV_1_15v_x30_BSE"
"156_CV_2_15v_x30_BSE.jpg","156_CV_2_15v_x30_BSE"
"157_CV_1_10v_x30_BSE.jpg","157_CV_1_10v_x30_BSE"
"157_CV_2_10v_x30_BSE.jpg","157_CV_2_10v_x30_BSE"
"159_CV_1_15v_x30_BSE.jpg","159_CV_1_15v_x30_BSE"
"159_CV_2_15v_x30_BSE.jpg","159_CV_2_15v_x30_BSE"
"160_CV_1_15v_x30_BSE.jpg","160_CV_1_15v_x30_BSE"
"160_CV_2_15v_x30_BSE.jpg","160_CV_2_15v_x30_BSE"
"161_CC_1_15v_x30_BSE.jpg","161_CC_1_15v_x30_BSE"
"161_CC_2_15v_x30_BSE.jpg","161_CC_2_15v_x30_BSE"
"162_CV_1_15v_x30_BSE.jpg","162_CV_1_15v_x30_BSE"
"162_CV_2_15v_x30_BSE.jpg","162_CV_2_15v_x30_BSE"
"163_CV_1_15v_x30_BSE.jpg","163_CV_1_15v_x30_BSE"
"163_CV_2_15v_x30_BSE.jpg","163_CV_2_15v_x30_BSE"
"164_CV_1_15v_x30_BSE.jpg","164_CV_1_15v_x30_BSE"
"164_CV_2_15v_x30_BSE.jpg","164_CV_2_15v_x30_BSE"
"165_CC_1_15v_x30_BSE.jpg","165_CC_1_15v_x30_BSE"
"165_CC_2_15v_x30_BSE.jpg","165_CC_2_15v_x30_BSE"
"166_CV_1_15v_x30_BSE.jpg","166_CV_1_15v_x30_BSE"
"166_CV_2_15v_x30_BSE.jpg","166_CV_2_15v_x30_BSE"
"168_CC_1_10v_x30_BSE.jpg","168_CC_1_10v_x30_BSE"
"168_CC_2_10v_x30_BSE.jpg","168_CC_2_10v_x30_BSE"
"169_CV_1_15v_x30_BSE.jpg","169_CV_1_15v_x30_BSE"
"169_CV_2_15v_x30_BSE.jpg","169_CV_2_15v_x30_BSE"
"171_CV_1_15v_x30_BSE.jpg","171_CV_1_15v_x30_BSE"
"171_CV_2_15v_x30_BSE.jpg","171_CV_2_15v_x30_BSE"
"173_CC_1_15v_x30_BSE.jpg","173_CC_1_15v_x30_BSE"
"173_CC_2_15v_x30_BSE.jpg","173_CC_2_15v_x30_BSE"
"174_CV_1_15v_x30_BSE.jpg","174_CV_1_15v_x30_BSE"
"174_CV_2_15v_x30_BSE.jpg","174_CV_2_15v_x30_BSE"
"175_CC_1_15v_x30_BSE.jpg","175_CC_1_15v_x30_BSE"
"175_CC_2_15v_x30_BSE.jpg","175_CC_2_15v_x30_BSE"
"178_CV_1_10v_x30_BSE.jpg","178_CV_1_10v_x30_BSE"
"179_CV_1_10v_x30_BSE.jpg","179_CV_1_10v_x30_BSE"
"179_CV_2_10v_x30_BSE.jpg","179_CV_2_10v_x30_BSE"
"181_CC_1_10v_x30_BSE.jpg","181_CC_1_10v_x30_BSE"
"181_CC_2_10v_x30_BSE.jpg","181_CC_2_10v_x30_BSE"
"182_CC_1_10v_x30_BSE.jpg","182_CC_1_10v_x30_BSE"
"182_CC_2_10v_x30_BSE.jpg","182_CC_2_10v_x30_BSE"
"183_CV_1_10v_x30_BSE.jpg","183_CV_1_10v_x30_BSE"
"183_CV_2_10v_x30_BSE.jpg","183_CV_2_10v_x30_BSE"
"184_CC_1_10v_x30_BSE.jpg","184_CC_1_10v_x30_BSE"
"184_CC_2_10v_x30_BSE.jpg","184_CC_2_10v_x30_BSE"
"185_CV_1_10v_x30_BSE.jpg","185_CV_1_10v_x30_BSE"
"185_CV_2_10v_x30_BSE.jpg","185_CV_2_10v_x30_BSE"
"186_CV_1_10v_x30_BSE.jpg","186_CV_1_10v_x30_BSE"
"186_CV_2_10v_x30_BSE.jpg","186_CV_2_10v_x30_BSE"
"188_CV_1_15v_x30_BSE.jpg","188_CV_1_15v_x30_BSE"
"189_CC_1_15v_x30_BSE.jpg","189_CC_1_15v_x30_BSE"
"189_CC_2_15v_x30_BSE.jpg","189_CC_2_15v_x30_BSE"
"190_CV_1_15v_x30_BSE.jpg","190_CV_1_15v_x30_BSE"
"191_CC_1_15v_x30_BSE.jpg","191_CC_1_15v_x30_BSE"
"191_CC_2_15v_x30_BSE.jpg","191_CC_2_15v_x30_BSE"
"194_CV_1_15v_x30_BSE.jpg","194_CV_1_15v_x30_BSE"
"194_CV_2_15v_x30_BSE.jpg","194_CV_2_15v_x30_BSE"
"195_CC_1_15v_x30_BSE.jpg","195_CC_1_15v_x30_BSE"
"195_CC_2_15v_x30_BSE.jpg","195_CC_2_15v_x30_BSE"
"196_CV_1_15v_x30_BSE.jpg","196_CV_1_15v_x30_BSE"
"196_CV_2_15v_x30_BSE.jpg","196_CV_2_15v_x30_BSE"
"197_CV_1_15v_x30_BSE.jpg","197_CV_1_15v_x30_BSE"
"197_CV_2_15v_x30_BSE.jpg","197_CV_2_15v_x30_BSE"
"199_CC_1_15v_x30_BSE.jpg","199_CC_1_15v_x30_BSE"
"199_CC_2_15v_x30_BSE.jpg","199_CC_2_15v_x30_BSE"
"200_CV_1_15v_x30_BSE.jpg","200_CV_1_15v_x30_BSE"
"200_CV_2_15v_x30_BSE.jpg","200_CV_2_15v_x30_BSE"
"201_CC_1_15v_x30_BSE.jpg","201_CC_1_15v_x30_BSE"
"201_CC_2_15v_x30_BSE.jpg","201_CC_2_15v_x30_BSE"
"202_CV_1_15v_x30_BSE.jpg","202_CV_1_15v_x30_BSE"
"202_CV_2_15v_x30_BSE.jpg","202_CV_2_15v_x30_BSE"
"203_CV_1_15v_x30_BSE.jpg","203_CV_1_15v_x30_BSE"
"203_CV_2_15v_x30_BSE.jpg","203_CV_2_15v_x30_BSE"
"203_CV_3_15v_x30_BSE.jpg","203_CV_3_15v_x30_BSE"
"203_CV_4_15v_x30_BSE.jpg","203_CV_4_15v_x30_BSE"
"204_CC_1_15v_x30_BSE.jpg","204_CC_1_15v_x30_BSE"
"204_CC_2_15v_x30_BSE.jpg","204_CC_2_15v_x30_BSE"
"206_CC_1_15v_x30_BSE.jpg","206_CC_1_15v_x30_BSE"
"206_CC_2_15v_x30_BSE.jpg","206_CC_2_15v_x30_BSE"
"207_CV_1_15v_x30_BSE.jpg","207_CV_1_15v_x30_BSE"
"208_CV_1_15v_x30_BSE.jpg","208_CV_1_15v_x30_BSE"
"208_CV_2_15v_x30_BSE.jpg","208_CV_2_15v_x30_BSE"
"209_CV_1_15v_x30_BSE.jpg","209_CV_1_15v_x30_BSE"
"209_CV_2_15v_x30_BSE.jpg","209_CV_2_15v_x30_BSE"
"210_CC_1_15v_x30_BSE.jpg","210_CC_1_15v_x30_BSE"
"210_CC_2_15v_x30_BSE.jpg","210_CC_2_15v_x30_BSE"
"211_CV_1_15v_x30_BSE.jpg","211_CV_1_15v_x30_BSE"
"211_CV_2_15v_x30_BSE.jpg","211_CV_2_15v_x30_BSE"
"212_CV_1_15v_x30_BSE.jpg","212_CV_1_15v_x30_BSE"
"212_CV_2_15v_x30_BSE.jpg","212_CV_2_15v_x30_BSE"
"214_CV_1_15v_x30_BSE.jpg","214_CV_1_15v_x30_BSE"
"214_CV_2_15v_x30_BSE.jpg","214_CV_2_15v_x30_BSE"
"215_CC_1_15v_x30_BSE.jpg","215_CC_1_15v_x30_BSE"
"215_CC_2_15v_x30_BSE.jpg","215_CC_2_15v_x30_BSE"
"215_CC_3_15v_x30_BSE.jpg","215_CC_3_15v_x30_BSE"
"216_CV_1_15v_x30_BSE.jpg","216_CV_1_15v_x30_BSE"
"216_CV_2_15v_x30_BSE.jpg","216_CV_2_15v_x30_BSE"
"217_CV_1_15v_x30_BSE.jpg","217_CV_1_15v_x30_BSE"
"218_CV_1_15v_x30_BSE.jpg","218_CV_1_15v_x30_BSE"
"219_CV_1_15v_x30_BSE.jpg","219_CV_1_15v_x30_BSE"
"219_CV_2_15v_x30_BSE.jpg","219_CV_2_15v_x30_BSE"
"221_CC_1_15v_x30_BSE.jpg","221_CC_1_15v_x30_BSE"
"221_CC_2_15v_x30_BSE.jpg","221_CC_2_15v_x30_BSE"
"222_CV_1_15v_x30_BSE.jpg","222_CV_1_15v_x30_BSE"
"222_CV_2_15v_x30_BSE.jpg","222_CV_2_15v_x30_BSE"
"223_CV_1_15v_x30_BSE.jpg","223_CV_1_15v_x30_BSE"
"223_CV_2_15v_x30_BSE.jpg","223_CV_2_15v_x30_BSE"
"224_CC_1_15v_x30_BSE.jpg","224_CC_1_15v_x30_BSE"
"224_CC_2_15v_x30_BSE.jpg","224_CC_2_15v_x30_BSE"
"225_CV_1_15v_x30_BSE.jpg","225_CV_1_15v_x30_BSE"
"225_CV_2_15v_x30_BSE.jpg","225_CV_2_15v_x30_BSE"
"225_CV_3_15v_x30_BSE.jpg","225_CV_3_15v_x30_BSE"
"226_CC_1_15v_x30_BSE.jpg","226_CC_1_15v_x30_BSE"
"226_CC_2_15v_x30_BSE.jpg","226_CC_2_15v_x30_BSE"
"227_CV_1_15v_x30_BSE.jpg","227_CV_1_15v_x30_BSE"
"227_CV_2_15v_x30_BSE.jpg","227_CV_2_15v_x30_BSE"
"228_CC_1_15v_x30_BSE.jpg","228_CC_1_15v_x30_BSE"
"228_CC_2_15v_x30_BSE.jpg","228_CC_2_15v_x30_BSE"
"229_CV_1_15v_x30_BSE.jpg","229_CV_1_15v_x30_BSE"
"229_CV_2_15v_x30_BSE.jpg","229_CV_2_15v_x30_BSE"
"230_CC_1_15v_x30_BSE.jpg","230_CC_1_15v_x30_BSE"
"230_CC_2_15v_x30_BSE.jpg","230_CC_2_15v_x30_BSE"
"231_CV_1_15v_x30_BSE.jpg","231_CV_1_15v_x30_BSE"
"232_CC_1_15v_x30_BSE.jpg","232_CC_1_15v_x30_BSE"
"232_CC_2_15v_x30_BSE.jpg","232_CC_2_15v_x30_BSE"
"233_CV_1_15v_x30_BSE.jpg","233_CV_1_15v_x30_BSE"
"233_CV_2_15v_x30_BSE.jpg","233_CV_2_15v_x30_BSE"
"234_CC_1_15v_x30_BSE.jpg","234_CC_1_15v_x30_BSE"
"234_CC_2_15v_x30_BSE.jpg","234_CC_2_15v_x30_BSE"
"235_CC_1_15v_x30_BSE.jpg","235_CC_1_15v_x30_BSE"
"237_CC_1_15v_x30_BSE.jpg","237_CC_1_15v_x30_BSE"
"237_CC_2_15v_x30_BSE.jpg","237_CC_2_15v_x30_BSE"
"237_CC_3_15v_x30_BSE.jpg","237_CC_3_15v_x30_BSE"
"238_CV_1_15v_x30_BSE.jpg","238_CV_1_15v_x30_BSE"
"238_CV_2_15v_x30_BSE.jpg","238_CV_2_15v_x30_BSE"
"240_CV_1_15v_x30_BSE.jpg","240_CV_1_15v_x30_BSE"
"240_CV_2_15v_x30_BSE.jpg","240_CV_2_15v_x30_BSE"
"242_CV_1_15v_x30_BSE.jpg","242_CV_1_15v_x30_BSE"
"242_CV_2_15v_x30_BSE.jpg","242_CV_2_15v_x30_BSE"
"244_CV_1_10v_x30_BSE.jpg","244_CV_1_10v_x30_BSE"
"244_CV_2_10v_x30_BSE.jpg","244_CV_2_10v_x30_BSE"
"245_CV_1_10v_x30_BSE.jpg","245_CV_1_10v_x30_BSE"
"245_CV_2_10v_x30_BSE.jpg","245_CV_2_10v_x30_BSE"
"246_CV_1_10v_x30_BSE.jpg","246_CV_1_10v_x30_BSE"
"246_CV_2_10v_x30_BSE.jpg","246_CV_2_10v_x30_BSE"
"246_CV_3_10v_x30_BSE.jpg","246_CV_3_10v_x30_BSE"
"247_CC_1_10v_x30_BSE.jpg","247_CC_1_10v_x30_BSE"
"247_CC_2_10v_x30_BSE.jpg","247_CC_2_10v_x30_BSE"
"247_CC_3_10v_x30_BSE.jpg","247_CC_3_10v_x30_BSE"
"248_CV_1_10v_x30_BSE.jpg","248_CV_1_10v_x30_BSE"
"248_CV_2_10v_x30_BSE.jpg","248_CV_2_10v_x30_BSE"
"250_CC_1_15v_x30_BSE.jpg","250_CC_1_15v_x30_BSE"
"251_CV_1_15v_x30_BSE.jpg","251_CV_1_15v_x30_BSE"
"252_CC_2_15v_x30_BSE.jpg","252_CC_2_15v_x30_BSE"
"253_P_1_15v_x30_BSE.jpg","253_P_1_15v_x30_BSE"
"253_P_2_15v_x30_BSE.jpg","253_P_2_15v_x30_BSE"
"254_CV_1_10v_x30_BSE.jpg","254_CV_1_10v_x30_BSE"
"254_CV_2_10v_x30_BSE.jpg","254_CV_2_10v_x30_BSE"
"254_CV_3_10v_x30_BSE.jpg","254_CV_3_10v_x30_BSE"
"255_CC_1_10v_x30_BSE.jpg","255_CC_1_10v_x30_BSE"
"255_CC_2_10v_x30_BSE.jpg","255_CC_2_10v_x30_BSE"
"256_CV_1_15v_x30_BSE.jpg","256_CV_1_15v_x30_BSE"
"256_CV_2_15v_x30_BSE.jpg","256_CV_2_15v_x30_BSE"
"257_CV_1_10v_x30_BSE.jpg","257_CV_1_10v_x30_BSE"
"257_CV_2_10v_x30_BSE.jpg","257_CV_2_10v_x30_BSE"
"259_CV_1_10v_x30_BSE.jpg","259_CV_1_10v_x30_BSE"
"259_CV_2_10v_x30_BSE.jpg","259_CV_2_10v_x30_BSE"
"260_CV_1_15v_x30_BSE.jpg","260_CV_1_15v_x30_BSE"
"260_CV_2_15v_x30_BSE.jpg","260_CV_2_15v_x30_BSE"
"260_CV_3_15v_x30_BSE.jpg","260_CV_3_15v_x30_BSE"
"261_CC_1_15v_x30_BSE.jpg","261_CC_1_15v_x30_BSE"
"262_CV_1_10v_x30_BSE.jpg","262_CV_1_10v_x30_BSE"
"262_CV_2_10v_x30_BSE.jpg","262_CV_2_10v_x30_BSE"
"264_CV_1_15v_x30_BSE.jpg","264_CV_1_15v_x30_BSE"
"264_CV_2_15v_x30_BSE.jpg","264_CV_2_15v_x30_BSE"
"264_CV_4_15v_x30_BSE.jpg","264_CV_4_15v_x30_BSE"
"265_CV_1_15kv_x30_BSE.jpg","265_CV_1_15kv_x30_BSE"
"265_CV_2_15v_x30_BSE.jpg","265_CV_2_15v_x30_BSE"
"265_CV_3_15v_x30_BSE.jpg","265_CV_3_15v_x30_BSE"
"266_CV_1_15v_x30_BSE.jpg","266_CV_1_15v_x30_BSE"
"266_CV_2_15v_x30_BSE.jpg","266_CV_2_15v_x30_BSE"
"267_CC_1_15v_x30_BSE.jpg","267_CC_1_15v_x30_BSE"
"267_CC_2_15v_x30_BSE.jpg","267_CC_2_15v_x30_BSE"
"267_CC_3_15v_x30_BSE.jpg","267_CC_3_15v_x30_BSE"
"268_CV_1_15v_x30_BSE.jpg","268_CV_1_15v_x30_BSE"
"269_CV_1_15v_x30_BSE.jpg","269_CV_1_15v_x30_BSE"
"269_CV_2_15v_x30_BSE.jpg","269_CV_2_15v_x30_BSE"
"270_CV_1_10v_x30_BSE.jpg","270_CV_1_10v_x30_BSE"
"270_CV_2_10v_x30_BSE.jpg","270_CV_2_10v_x30_BSE"
"271_CC_1_10v_x30_BSE.jpg","271_CC_1_10v_x30_BSE"
"271_CC_2_10v_x30_BSE.jpg","271_CC_2_10v_x30_BSE"
"273_S_1_15kv_x30_BSE.jpg","273_S_1_15kv_x30_BSE"
"273_S_2_15kv_x30_BSE.jpg","273_S_2_15kv_x30_BSE"
"273_S_3_15kv_x30_BSE.jpg","273_S_3_15kv_x30_BSE"
"274_CV_1_15v_x30_BSE.jpg","274_CV_1_15v_x30_BSE"
"274_CV_2_15v_x30_BSE.jpg","274_CV_2_15v_x30_BSE"
"274_CV_3_15v_x30_BSE.jpg","274_CV_3_15v_x30_BSE"
"276_CV_1_10v_x30_BSE.jpg","276_CV_1_10v_x30_BSE"
"276_CV_2_10v_x30_BSE.jpg","276_CV_2_10v_x30_BSE"
"277_CC_1_10v_x30_BSE.jpg","277_CC_1_10v_x30_BSE"
"277_CC_2_10v_x30_BSE.jpg","277_CC_2_10v_x30_BSE"
"278_CV_1_10v_x30_BSE.jpg","278_CV_1_10v_x30_BSE"
"278_CV_2_10v_x30_BSE.jpg","278_CV_2_10v_x30_BSE"
"278_CV_3_10v_x30_BSE.jpg","278_CV_3_10v_x30_BSE"
"279_CC_1_10v_x30_BSE.jpg","279_CC_1_10v_x30_BSE"
"279_CC_2_10v_x30_BSE.jpg","279_CC_2_10v_x30_BSE"
"279_CC_3_10v_x30_BSE.jpg","279_CC_3_10v_x30_BSE"
"280_CV_1_10kv_x30_BSE.jpg","280_CV_1_10kv_x30_BSE"
"280_CV_2_15kv_x30_BSE.jpg","280_CV_2_15kv_x30_BSE"
"280_CV_3_15kv_x30_BSE.jpg","280_CV_3_15kv_x30_BSE"
"282_CC_1_15v_x30_BSE.jpg","282_CC_1_15v_x30_BSE"
"283_CC_1_10v_x30_BSE.jpg","283_CC_1_10v_x30_BSE"
"283_CC_2_10v_x30_BSE.jpg","283_CC_2_10v_x30_BSE"
"283_CV_1_10v_x30_BSE.jpg","283_CV_1_10v_x30_BSE"
"283_CV_2_10v_x30_BSE.jpg","283_CV_2_10v_x30_BSE"
"284_CV_1_15v_x30_BSE.jpg","284_CV_1_15v_x30_BSE"
"286_CV_1_10v_x30_BSE.jpg","286_CV_1_10v_x30_BSE"
"286_CV_2_10v_x30_BSE.jpg","286_CV_2_10v_x30_BSE"
"286_CV_3_10v_x30_BSE.jpg","286_CV_3_10v_x30_BSE"
"287_CV_1_10v_x30_BSE.jpg","287_CV_1_10v_x30_BSE"
"288_CV_1_10v_x30_BSE.jpg","288_CV_1_10v_x30_BSE"
"288_CV_2_10v_x30_BSE.jpg","288_CV_2_10v_x30_BSE"
"289_CC_1_10v_x30_BSE.jpg","289_CC_1_10v_x30_BSE"
"289_CC_2_10v_x30_BSE.jpg","289_CC_2_10v_x30_BSE"
"290_CV_1_10v_x30_BSE.jpg","290_CV_1_10v_x30_BSE"
"290_CV_2_10v_x30_BSE.jpg","290_CV_2_10v_x30_BSE"
"291_CV_1_15v_x30_BSE.jpg","291_CV_1_15v_x30_BSE"
"293_CV_1_10v_x30_BSE.jpg","293_CV_1_10v_x30_BSE"
"293_CV_2_10v_x30_BSE.jpg","293_CV_2_10v_x30_BSE"
"294_CV_1_10v_x30_BSE.jpg","294_CV_1_10v_x30_BSE"
"294_CV_3_10v_x30_BSE.jpg","294_CV_3_10v_x30_BSE"
"295_CC_1_10v_x30_BSE.jpg","295_CC_1_10v_x30_BSE"
"295_CC_2_10v_x30_BSE.jpg","295_CC_2_10v_x30_BSE"
"295_CC_3_10v_x30_BSE.jpg","295_CC_3_10v_x30_BSE"
"297_CC_1_10v_x30_BSE.jpg","297_CC_1_10v_x30_BSE"
"297_CC_2_10v_x30_BSE.jpg","297_CC_2_10v_x30_BSE"
"298_CC_1_10v_x30_BSE.jpg","298_CC_1_10v_x30_BSE"
"298_CC_2_10v_x30_BSE.jpg","298_CC_2_10v_x30_BSE"
"299_CV_1_10v_x30_BSE.jpg","299_CV_1_10v_x30_BSE"
"299_CV_2_10v_x30_BSE.jpg","299_CV_2_10v_x30_BSE"
"300_CV_1_10v_x30_BSE.jpg","300_CV_1_10v_x30_BSE"
"300_CV_2_10v_x30_BSE.jpg","300_CV_2_10v_x30_BSE"
"304_CC_1_10v_x30_BSE.jpg","304_CC_1_10v_x30_BSE"
"304_CC_2_10v_x30_BSE.jpg","304_CC_2_10v_x30_BSE"
"309_CV_1_10v_x30_BSE.jpg","309_CV_1_10v_x30_BSE"
"309_CV_2_10v_x30_BSE.jpg","309_CV_2_10v_x30_BSE"
"310_CC_1_10v_x30_BSE.jpg","310_CC_1_10v_x30_BSE"
"310_CC_2_10v_x30_BSE.jpg","310_CC_2_10v_x30_BSE"
"311_F_1_15v_x30_BSE.jpg","311_F_1_15v_x30_BSE"
"311_F_2_15v_x30_BSE.jpg","311_F_2_15v_x30_BSE"
"312_F_1_10v_x30_BSE.jpg","312_F_1_10v_x30_BSE"
"312_F_2_10v_x30_BSE.jpg","312_F_2_10v_x30_BSE"
"312_F_3_10v_x30_BSE.jpg","312_F_3_10v_x30_BSE"
"317_CV_1_10v_x30_BSE.jpg","317_CV_1_10v_x30_BSE"
"317_CV_2_10v_x30_BSE.jpg","317_CV_2_10v_x30_BSE"
"319_CC_1_10v_x30_BSE.jpg","319_CC_1_10v_x30_BSE"
"319_CC_2_10v_x30_BSE.jpg","319_CC_2_10v_x30_BSE"
"321_CC_1_10v_x30_BSE.jpg","321_CC_1_10v_x30_BSE"
"321_CC_2_10v_x30_BSE.jpg","321_CC_2_10v_x30_BSE"
"321_CC_3_10v_x30_BSE.jpg","321_CC_3_10v_x30_BSE"
"322_CV_1_10v_x30_BSE.jpg","322_CV_1_10v_x30_BSE"
"322_CV_2_10v_x30_BSE.jpg","322_CV_2_10v_x30_BSE"
"323_CV_1_10v_x30_BSE.jpg","323_CV_1_10v_x30_BSE"
"323_CV_2_10v_x30_BSE.jpg","323_CV_2_10v_x30_BSE"
"324_CC_1_10v_x30_BSE.jpg","324_CC_1_10v_x30_BSE"
"324_CC_2_10v_x30_BSE.jpg","324_CC_2_10v_x30_BSE"
"324_CC_3_10v_x30_BSE.jpg","324_CC_3_10v_x30_BSE"
"325_CC_1_10v_x30_BSE.jpg","325_CC_1_10v_x30_BSE"
"325_CC_2_10v_x30_BSE.jpg","325_CC_2_10v_x30_BSE"
"326_CV_2_10v_x30_BSE.jpg","326_CV_2_10v_x30_BSE"
"327_CC_1_10v_x30_BSE.jpg","327_CC_1_10v_x30_BSE"
"327_CC_2_10v_x30_BSE.jpg","327_CC_2_10v_x30_BSE"
"328_CV_1_10v_x30_BSE.jpg","328_CV_1_10v_x30_BSE"
"329_CC_1_10v_x30_BSE.jpg","329_CC_1_10v_x30_BSE"
"329_CC_2_10v_x30_BSE.jpg","329_CC_2_10v_x30_BSE"
"330_CV_1_10v_x30_BSE.jpg","330_CV_1_10v_x30_BSE"
"330_CV_2_10v_x30_BSE.jpg","330_CV_2_10v_x30_BSE"
"332_CV_1_10v_x30_BSE.jpg","332_CV_1_10v_x30_BSE"
"332_CV_2_10v_x30_BSE.jpg","332_CV_2_10v_x30_BSE"
"333_CV_1_10v_x30_BSE.jpg","333_CV_1_10v_x30_BSE"
"333_CV_2_10v_x30_BSE.jpg","333_CV_2_10v_x30_BSE"
"334_CV_1_10v_x30_BSE.jpg","334_CV_1_10v_x30_BSE"
"334_CV_2_10v_x30_BSE.jpg","334_CV_2_10v_x30_BSE"
"335_CV_1_15v_x30_BSE.jpg","335_CV_1_15v_x30_BSE"
"335_CV_2_15v_x30_BSE.jpg","335_CV_2_15v_x30_BSE"
"336_CV_1_15v_x30_BSE.jpg","336_CV_1_15v_x30_BSE"
"336_CV_2_15v_x30_BSE.jpg","336_CV_2_15v_x30_BSE"
"338_CV_1_15v_x30_BSE.jpg","338_CV_1_15v_x30_BSE"
"338_CV_2_15v_x30_BSE.jpg","338_CV_2_15v_x30_BSE"
"339_F_1_15v_x30_BSE.jpg","339_F_1_15v_x30_BSE"
"339_F_2_15v_x30_BSE.jpg","339_F_2_15v_x30_BSE"
"341_CV_1_15v_x30_BSE.jpg","341_CV_1_15v_x30_BSE"
"341_CV_2_15v_x30_BSE.jpg","341_CV_2_15v_x30_BSE"
"342_CV_1_15v_x30_BSE.jpg","342_CV_1_15v_x30_BSE"
"342_CV_2_15v_x30_BSE.jpg","342_CV_2_15v_x30_BSE"
"343_CV_1_15v_x30_BSE.jpg","343_CV_1_15v_x30_BSE"
"344_CV_1_15v_x30_BSE.jpg","344_CV_1_15v_x30_BSE"
"344_CV_2_15v_x30_BSE.jpg","344_CV_2_15v_x30_BSE"
"345_CV_1_15v_x30_BSE.jpg","345_CV_1_15v_x30_BSE"
"345_CV_2_15v_x30_BSE.jpg","345_CV_2_15v_x30_BSE"
"346_CV_1_15v_x30_BSE.jpg","346_CV_1_15v_x30_BSE"
"349_CV_1_15v_x30_BSE.jpg","349_CV_1_15v_x30_BSE"
"349_CV_2_15v_x30_BSE.jpg","349_CV_2_15v_x30_BSE"
"350_F_1_15v_x30_BSE.jpg","350_F_1_15v_x30_BSE"
"350_F_2_15v_x30_BSE.jpg","350_F_2_15v_x30_BSE"
"351_CV_1_15v_x30_BSE.jpg","351_CV_1_15v_x30_BSE"
"351_CV_2_15v_x30_BSE.jpg","351_CV_2_15v_x30_BSE"
"352_CV_1_15v_x30_BSE.jpg","352_CV_1_15v_x30_BSE"
"352_CV_2_15v_x30_BSE.jpg","352_CV_2_15v_x30_BSE"
"353_F_1_15v_x30_BSE.jpg","353_F_1_15v_x30_BSE"
"354_CV_1_15v_x30_BSE.jpg","354_CV_1_15v_x30_BSE"
"354_CV_2_15v_x30_BSE.jpg","354_CV_2_15v_x30_BSE"
"355_CV_1_15v_x30_BSE.jpg","355_CV_1_15v_x30_BSE"
"355_CV_2_15v_x30_BSE.jpg","355_CV_2_15v_x30_BSE"
"356_F_1_15v_x30_BSE.jpg","356_F_1_15v_x30_BSE"
"356_F_2_15v_x30_BSE.jpg","356_F_2_15v_x30_BSE"
"357_CC_1_15v_x30_BSE.jpg","357_CC_1_15v_x30_BSE"
"357_CC_2_15v_x30_BSE.jpg","357_CC_2_15v_x30_BSE"
"357_CV_1_15v_x30_BSE.jpg","357_CV_1_15v_x30_BSE"
"357_CV_2_15v_x30_BSE.jpg","357_CV_2_15v_x30_BSE"
"359_CC_1_15v_x30_BSE.jpg","359_CC_1_15v_x30_BSE"
"359_CC_2_15v_x30_BSE.jpg","359_CC_2_15v_x30_BSE"
"360_F_1_15v_x30_BSE.jpg","360_F_1_15v_x30_BSE"
"360_F_2_15v_x30_BSE.jpg","360_F_2_15v_x30_BSE"
"361_S_1_15v_x30_BSE.jpg","361_S_1_15v_x30_BSE"
"361_S_2_15v_x30_BSE.jpg","361_S_2_15v_x30_BSE"
"364_F_1_15v_x30_BSE.jpg","364_F_1_15v_x30_BSE"
"364_F_2_15v_x30_BSE.jpg","364_F_2_15v_x30_BSE"
"365_F_1_15v_x30_BSE.jpg","365_F_1_15v_x30_BSE"
"365_F_2_15v_x30_BSE.jpg","365_F_2_15v_x30_BSE"
"366_CV_1_15v_x30_BSE.jpg","366_CV_1_15v_x30_BSE"
"366_CV_2_15v_x30_BSE.jpg","366_CV_2_15v_x30_BSE"
"369_F_1_15v_x30_BSE.jpg","369_F_1_15v_x30_BSE"
"370_CV_1_15v_x30_BSE.jpg","370_CV_1_15v_x30_BSE"
"370_CV_2_15v_x30_BSE.jpg","370_CV_2_15v_x30_BSE"
"371_CC_1_15v_x30_BSE.jpg","371_CC_1_15v_x30_BSE"
"371_CC_2_15v_x30_BSE.jpg","371_CC_2_15v_x30_BSE"
"372_CV_1_15v_x30_BSE.jpg","372_CV_1_15v_x30_BSE"
"372_CV_2_15v_x30_BSE.jpg","372_CV_2_15v_x30_BSE"
"373_CC_1_15v_x30_BSE.jpg","373_CC_1_15v_x30_BSE"
"373_CC_2_15v_x30_BSE.jpg","373_CC_2_15v_x30_BSE"
"374_CV_1_15v_x30_BSE.jpg","374_CV_1_15v_x30_BSE"
"374_CV_2_15v_x30_BSE.jpg","374_CV_2_15v_x30_BSE"
"375_CV_1_15v_x30_BSE.jpg","375_CV_1_15v_x30_BSE"
"375_CV_2_15v_x30_BSE.jpg","375_CV_2_15v_x30_BSE"
"377_CV_1_15v_x30_BSE.jpg","377_CV_1_15v_x30_BSE"
"377_CV_2_15v_x30_BSE.jpg","377_CV_2_15v_x30_BSE"
"378_CV_1_15v_x30_BSE.jpg","378_CV_1_15v_x30_BSE"
"378_CV_2_15v_x30_BSE.jpg","378_CV_2_15v_x30_BSE"
"379_CV_1_15v_x30_BSE.jpg","379_CV_1_15v_x30_BSE"
"379_CV_2_15v_x30_BSE.jpg","379_CV_2_15v_x30_BSE"
"380_CC_1_15v_x30_BSE.jpg","380_CC_1_15v_x30_BSE"
"380_CC_2_15v_x30_BSE.jpg","380_CC_2_15v_x30_BSE"
"381_F_1_15v_x30_BSE.jpg","381_F_1_15v_x30_BSE"
"382_CV_1_15v_x30_BSE.jpg","382_CV_1_15v_x30_BSE"
"382_CV_2_15v_x30_BSE.jpg","382_CV_2_15v_x30_BSE"
"382_CV_3_15v_x30_BSE.jpg","382_CV_3_15v_x30_BSE"
"383_CV_1_15v_x30_BSE.jpg","383_CV_1_15v_x30_BSE"
"383_CV_2_15v_x30_BSE.jpg","383_CV_2_15v_x30_BSE"
"384_CC_1_15v_x30_BSE.jpg","384_CC_1_15v_x30_BSE"
"384_CC_2_15v_x30_BSE.jpg","384_CC_2_15v_x30_BSE"
"385_CV_1_15v_x30_BSE.jpg","385_CV_1_15v_x30_BSE"
"386_CV_1_15v_x30_BSE.jpg","386_CV_1_15v_x30_BSE"
"386_CV_2_15v_x30_BSE.jpg","386_CV_2_15v_x30_BSE"
"388_CV_1_15v_x30_BSE.jpg","388_CV_1_15v_x30_BSE"
"388_CV_2_15v_x30_BSE.jpg","388_CV_2_15v_x30_BSE"
"389_CV_1_15v_x30_BSE.jpg","389_CV_1_15v_x30_BSE"
"389_CV_2_15v_x30_BSE.jpg","389_CV_2_15v_x30_BSE"
"390_CC_1_15v_x30_BSE.jpg","390_CC_1_15v_x30_BSE"
"390_CC_2_15v_x30_BSE.jpg","390_CC_2_15v_x30_BSE"
"391_CV_1_15v_x30_BSE.jpg","391_CV_1_15v_x30_BSE"
"391_CV_2_15v_x30_BSE.jpg","391_CV_2_15v_x30_BSE"
"392_CV_1_15v_x30_BSE.jpg","392_CV_1_15v_x30_BSE"
"392_CV_2_15v_x30_BSE.jpg","392_CV_2_15v_x30_BSE"
"394_CV_1_15v_x30_BSE.jpg","394_CV_1_15v_x30_BSE"
"394_CV_2_15v_x30_BSE.jpg","394_CV_2_15v_x30_BSE"
"394_CV_3_15v_x30_BSE.jpg","394_CV_3_15v_x30_BSE"
"396_CV_1_15v_x30_BSE.jpg","396_CV_1_15v_x30_BSE"
"396_CV_2_15v_x30_BSE.jpg","396_CV_2_15v_x30_BSE"
"398_CV_1_15v_x30_BSE.jpg","398_CV_1_15v_x30_BSE"
"398_CV_2_15v_x30_BSE.jpg","398_CV_2_15v_x30_BSE"
"399_F_1_15v_x30_BSE.jpg","399_F_1_15v_x30_BSE"
"399_F_2_15v_x30_BSE.jpg","399_F_2_15v_x30_BSE"
"400_CV_1_10v_x30_BSE.jpg","400_CV_1_10v_x30_BSE"
"401_CC_1_10v_x30_BSE.jpg","401_CC_1_10v_x30_BSE"
"401_CC_2_10v_x30_BSE.jpg","401_CC_2_10v_x30_BSE"
"404_CV_1_10v_x30_BSE.jpg","404_CV_1_10v_x30_BSE"
"404_CV_2_10v_x30_BSE.jpg","404_CV_2_10v_x30_BSE"
"407_CC_1_10v_x30_BSE.jpg","407_CC_1_10v_x30_BSE"
"407_CC_2_10v_x30_BSE.jpg","407_CC_2_10v_x30_BSE"
"410_CC_1_10v_x30_BSE.jpg","410_CC_1_10v_x30_BSE"
"410_CC_2_10v_x30_BSE.jpg","410_CC_2_10v_x30_BSE"
"411_CV_1_10v_x30_BSE.jpg","411_CV_1_10v_x30_BSE"
"413_CC_1_15v_x30_BSE.jpg","413_CC_1_15v_x30_BSE"
"413_CC_2_15v_x30_BSE.jpg","413_CC_2_15v_x30_BSE"
"413_CC_3_15v_x30_BSE.jpg","413_CC_3_15v_x30_BSE"
"415_CC_1_15v_x30_BSE.jpg","415_CC_1_15v_x30_BSE"
"415_CC_2_15v_x30_BSE.jpg","415_CC_2_15v_x30_BSE"
"416_CV_1_15v_x30_BSE.jpg","416_CV_1_15v_x30_BSE"
"416_CV_2_15v_x30_BSE.jpg","416_CV_2_15v_x30_BSE"
"418_CV_2_10v_x30_BSE.jpg","418_CV_2_10v_x30_BSE"
"418_CV_3_10v_x30_BSE.jpg","418_CV_3_10v_x30_BSE"
"424_CC_1_15v_x30_BSE.jpg","424_CC_1_15v_x30_BSE"
"424_CC_2_15v_x30_BSE.jpg","424_CC_2_15v_x30_BSE"
"426_CV_1_10v_x30_BSE.jpg","426_CV_1_10v_x30_BSE"
"426_CV_2_10v_x30_BSE.jpg","426_CV_2_10v_x30_BSE"
"428_CC_1_10v_x30_BSE.jpg","428_CC_1_10v_x30_BSE"
"428_CC_2_10v_x30_BSE.jpg","428_CC_2_10v_x30_BSE"
"429_CC_1_10v_x30_BSE.jpg","429_CC_1_10v_x30_BSE"
"429_CC_2_10v_x30_BSE.jpg","429_CC_2_10v_x30_BSE"
"430_F_1_10v_x30_BSE.jpg","430_F_1_10v_x30_BSE"
"430_F_2_10v_x30_BSE.jpg","430_F_2_10v_x30_BSE"
"430_F_3_10v_x30_BSE.jpg","430_F_3_10v_x30_BSE"
"431_CC_1_10v_x30_BSE.jpg","431_CC_1_10v_x30_BSE"
"431_CC_2_10v_x30_BSE.jpg","431_CC_2_10v_x30_BSE"
"433_CC_1_10v_x30_BSE.jpg","433_CC_1_10v_x30_BSE"
"433_CC_2_10v_x30_BSE.jpg","433_CC_2_10v_x30_BSE"
"433_CC_3_10v_x30_BSE.jpg","433_CC_3_10v_x30_BSE"
"434_CV_1_10v_x30_BSE.jpg","434_CV_1_10v_x30_BSE"
"434_CV_2_10v_x30_BSE.jpg","434_CV_2_10v_x30_BSE"
"436_CV_1_15v_x30_BSE.jpg","436_CV_1_15v_x30_BSE"
"436_CV_2_15v_x30_BSE.jpg","436_CV_2_15v_x30_BSE"
"440_CV_1_10v_x30_BSE.jpg","440_CV_1_10v_x30_BSE"
"440_CV_2_10v_x30_BSE.jpg","440_CV_2_10v_x30_BSE"
"441_CV_1_10v_x30_BSE.jpg","441_CV_1_10v_x30_BSE"
"441_CV_2_10v_x30_BSE.jpg","441_CV_2_10v_x30_BSE"
"442_CV_1_10v_x30_BSE.jpg","442_CV_1_10v_x30_BSE"
"442_CV_2_10v_x30_BSE.jpg","442_CV_2_10v_x30_BSE"
"443_CV_1_10v_x30_BSE.jpg","443_CV_1_10v_x30_BSE"
"443_CV_2_10v_x30_BSE.jpg","443_CV_2_10v_x30_BSE"
"444_CC_1_10v_x30_BSE.jpg","444_CC_1_10v_x30_BSE"
"444_CC_2_10v_x30_BSE.jpg","444_CC_2_10v_x30_BSE"
"445_CV_1_10v_x30_BSE.jpg","445_CV_1_10v_x30_BSE"
"445_CV_2_10v_x30_BSE.jpg","445_CV_2_10v_x30_BSE"
"447_CV_1_10v_x30_BSE.jpg","447_CV_1_10v_x30_BSE"
"447_CV_2_10v_x30_BSE.jpg","447_CV_2_10v_x30_BSE"
"448_CV_1_10v_x30_BSE.jpg","448_CV_1_10v_x30_BSE"
"448_CV_2_10v_x30_BSE.jpg","448_CV_2_10v_x30_BSE"
"448_CV_3_10v_x30_BSE.jpg","448_CV_3_10v_x30_BSE"
"449_CV_3_10v_x30_BSE.jpg","449_CV_3_10v_x30_BSE"
"449_F_1_10v_x30_BSE.jpg","449_F_1_10v_x30_BSE"
"450_CV_1_10v_x30_BSE.jpg","450_CV_1_10v_x30_BSE"
"450_CV_2_10v_x30_BSE.jpg","450_CV_2_10v_x30_BSE"
"451_CV_1_10v_x30_BSE.jpg","451_CV_1_10v_x30_BSE"
"451_CV_2_10v_x30_BSE.jpg","451_CV_2_10v_x30_BSE"
"452_CC_1_10v_x30_BSE.jpg","452_CC_1_10v_x30_BSE"
"452_CC_2_10v_x30_BSE.jpg","452_CC_2_10v_x30_BSE"
"453_CC_1_10v_x30_BSE.jpg","453_CC_1_10v_x30_BSE"
"453_CC_2_10v_x30_BSE.jpg","453_CC_2_10v_x30_BSE"
"454_CV_1_15v_x30_BSE.jpg","454_CV_1_15v_x30_BSE"
"454_CV_2_15v_x30_BSE.jpg","454_CV_2_15v_x30_BSE"
"456_CV_1_15v_x30_BSE.jpg","456_CV_1_15v_x30_BSE"
"456_CV_2_15v_x30_BSE.jpg","456_CV_2_15v_x30_BSE"
"457_CC_1_15v_x30_BSE.jpg","457_CC_1_15v_x30_BSE"
"457_CC_2_15v_x30_BSE.jpg","457_CC_2_15v_x30_BSE"
"458_CV_1_15v_x30_BSE.jpg","458_CV_1_15v_x30_BSE"
"458_CV_2_15v_x30_BSE.jpg","458_CV_2_15v_x30_BSE"
"459_CC_1_15v_x30_BSE.jpg","459_CC_1_15v_x30_BSE"
"459_CC_2_15v_x30_BSE.jpg","459_CC_2_15v_x30_BSE"
"461_CC_1_15v_x30_BSE.jpg","461_CC_1_15v_x30_BSE"
"461_CC_2_15v_x30_BSE.jpg","461_CC_2_15v_x30_BSE"
"462_CV_1_15v_x30_BSE.jpg","462_CV_1_15v_x30_BSE"
"462_CV_2_15v_x30_BSE.jpg","462_CV_2_15v_x30_BSE"
"463_CC_1_15v_x30_BSE.jpg","463_CC_1_15v_x30_BSE"
"463_CC_2_15v_x30_BSE.jpg","463_CC_2_15v_x30_BSE"
"464_CC_1_15v_x30_BSE.jpg","464_CC_1_15v_x30_BSE"
"464_CC_2_15v_x30_BSE.jpg","464_CC_2_15v_x30_BSE"
"464_CC_3_15v_x30_BSE.jpg","464_CC_3_15v_x30_BSE"
"465_CV_1_15v_x30_BSE.jpg","465_CV_1_15v_x30_BSE"
"468_CV_1_10v_x30_BSE.jpg","468_CV_1_10v_x30_BSE"
"468_CV_2_10v_x30_BSE.jpg","468_CV_2_10v_x30_BSE"
"469_CV_1_10v_x30_BSE.jpg","469_CV_1_10v_x30_BSE"
"470_CV_1_10v_x30_BSE.jpg","470_CV_1_10v_x30_BSE"
"471_CV_3_10v_x30_BSE.jpg","471_CV_3_10v_x30_BSE"
"472_CC_1_10v_x30_BSE.jpg","472_CC_1_10v_x30_BSE"
"472_CC_3_10v_x30_BSE.jpg","472_CC_3_10v_x30_BSE"
"477_CV_1_10v_x30_BSE.jpg","477_CV_1_10v_x30_BSE"
"477_CV_2_10v_x30_BSE.jpg","477_CV_2_10v_x30_BSE"
"479_CC_1_10v_x30_BSE.jpg","479_CC_1_10v_x30_BSE"
"479_CC_2_10v_x30_BSE.jpg","479_CC_2_10v_x30_BSE"
"479_CC_3_10v_x30_BSE.jpg","479_CC_3_10v_x30_BSE"
"481_CC_1_10v_x30_BSE.jpg","481_CC_1_10v_x30_BSE"
"481_CC_2_10v_x30_BSE.jpg","481_CC_2_10v_x30_BSE"
"483_CV_1_10v_x30_BSE.jpg","483_CV_1_10v_x30_BSE"
"484_CC_1_10v_x30_BSE.jpg","484_CC_1_10v_x30_BSE"
"484_CC_2_10v_x30_BSE.jpg","484_CC_2_10v_x30_BSE"
"486_CC_1_15v_x30_BSE.jpg","486_CC_1_15v_x30_BSE"
"486_CC_2_15v_x30_BSE.jpg","486_CC_2_15v_x30_BSE"
"488_CC_1_15v_x30_BSE.jpg","488_CC_1_15v_x30_BSE"
"488_CC_2_15v_x30_BSE.jpg","488_CC_2_15v_x30_BSE"
"493_CV_1_15v_x30_BSE.jpg","493_CV_1_15v_x30_BSE"
"493_CV_2_15v_x30_BSE.jpg","493_CV_2_15v_x30_BSE"
"495_CC_1_15v_x30_BSE.jpg","495_CC_1_15v_x30_BSE"
"495_CC_2_15v_x30_BSE.jpg","495_CC_2_15v_x30_BSE"
"498_CC_2_15v_x30_BSE.jpg","498_CC_2_15v_x30_BSE"
"499_CV_1_15v_x30_BSE.jpg","499_CV_1_15v_x30_BSE"
"499_CV_2_15v_x30_BSE.jpg","499_CV_2_15v_x30_BSE"
"500_CV_1_15v_x30_BSE.jpg","500_CV_1_15v_x30_BSE"
"500_CV_2_15v_x30_BSE.jpg","500_CV_2_15v_x30_BSE"
"501_CV_2_15v_x30_BSE.jpg","501_CV_2_15v_x30_BSE"
"506_CC_1_15v_x30_BSE.jpg","506_CC_1_15v_x30_BSE"
"506_CC_2_15v_x30_BSE.jpg","506_CC_2_15v_x30_BSE"
"513_CC_1_15v_x30_BSE.jpg","513_CC_1_15v_x30_BSE"
"513_CC_2_15v_x30_BSE.jpg","513_CC_2_15v_x30_BSE"
"514_CV_2_15v_x30_BSE.jpg","514_CV_2_15v_x30_BSE"
"515_CV_1_15v_x30_BSE.jpg","515_CV_1_15v_x30_BSE"
"515_CV_2_15v_x30_BSE.jpg","515_CV_2_15v_x30_BSE"
"516_CV_1_15v_x30_BSE.jpg","516_CV_1_15v_x30_BSE"
"517_CV_1_15v_x30_BSE.jpg","517_CV_1_15v_x30_BSE"
"517_CV_2_15v_x30_BSE.jpg","517_CV_2_15v_x30_BSE"
"518_CV_1_15v_x30_BSE.jpg","518_CV_1_15v_x30_BSE"
"522_CC_1_15v_x30_BSE.jpg","522_CC_1_15v_x30_BSE"
"524_CC_1_15v_x30_BSE.jpg","524_CC_1_15v_x30_BSE"
"524_CC_2_15v_x30_BSE.jpg","524_CC_2_15v_x30_BSE"
"525_CV_1_15v_x30_BSE.jpg","525_CV_1_15v_x30_BSE"
"525_CV_2_15v_x30_BSE.jpg","525_CV_2_15v_x30_BSE"
"526_CV_1_15v_x30_BSE.jpg","526_CV_1_15v_x30_BSE"
"527_CV_1_15v_x30.BSE.jpg","527_CV_1_15v_x30"
"527_CV_2_15v_x30.BSE.jpg","527_CV_2_15v_x30"
"528_CV_1_15v_x30.BSE.jpg","528_CV_1_15v_x30"
"528_CV_2_15v_x30.BSE.jpg","528_CV_2_15v_x30"
"529_CV_1_15v_x30.BSE.jpg","529_CV_1_15v_x30"
"529_CV_2_15v_x30.BSE.jpg","529_CV_2_15v_x30"
"530_CC_1_15v_x30.BSE.jpg","530_CC_1_15v_x30"
"530_CC_2_15v_x30.BSE.jpg","530_CC_2_15v_x30"
"530_CV_1_15V_x30_BSE.jpg","530_CV_1_15V_x30_BSE"
"530_CV_2_15V_x30_BSE.jpg","530_CV_2_15V_x30_BSE"
"531_CV_1_15V_x30_BSE.jpg","531_CV_1_15V_x30_BSE"
"531_CV_2_15V_x30_BSE.jpg","531_CV_2_15V_x30_BSE"
"532_CC_2_15V_x30_BSE.jpg","532_CC_2_15V_x30_BSE"
"533_CC_1_15V_x30_BSE.jpg","533_CC_1_15V_x30_BSE"
"533_CC_2_15V_x30_BSE.jpg","533_CC_2_15V_x30_BSE"
"535_CV_1_15V_x30_BSE.jpg","535_CV_1_15V_x30_BSE"
"535_CV_2_15V_x30_BSE.jpg","535_CV_2_15V_x30_BSE"
"539_CV_1_15V_x30_BSE.jpg","539_CV_1_15V_x30_BSE"
"540_CC_1_15v_x30_BSE.jpg","540_CC_1_15v_x30_BSE"
"540_CV_1_15v_x30_BSE.jpg","540_CV_1_15v_x30_BSE"
"541_CV_1_15v_x30_BSE.jpg","541_CV_1_15v_x30_BSE"
"541_CV_2_15v_x30_BSE.jpg","541_CV_2_15v_x30_BSE"
"543_CC_1_15v_x30_BSE.jpg","543_CC_1_15v_x30_BSE"
"543_CC_2_15v_x30_BSE.jpg","543_CC_2_15v_x30_BSE"
"545_CV_1_15v_x30_BSE.jpg","545_CV_1_15v_x30_BSE"
"545_CV_2_15v_x30_BSE.jpg","545_CV_2_15v_x30_BSE"
"546_CC_2_15v_x30_BSE.jpg","546_CC_2_15v_x30_BSE"
"548_CV_1_15v_x30_BSE.jpg","548_CV_1_15v_x30_BSE"
"548_CV_2_15v_x30_BSE.jpg","548_CV_2_15v_x30_BSE"
"554_CV_1_15v_x30_BSE.jpg","554_CV_1_15v_x30_BSE"
"556_CV_1_15v_x30_BSE.jpg","556_CV_1_15v_x30_BSE"
"556_CV_2_15v_x30_BSE.jpg","556_CV_2_15v_x30_BSE"
"567_CV_1_15v_x30_BSE.jpg","567_CV_1_15v_x30_BSE"
"568_CV_1_15v_x30_BSE.jpg","568_CV_1_15v_x30_BSE"
"568_CV_2_15v_x30_BSE.jpg","568_CV_2_15v_x30_BSE"
"571_CV_1_15v_x30_BSE.jpg","571_CV_1_15v_x30_BSE"
"571_CV_2_15v_x30_BSE.jpg","571_CV_2_15v_x30_BSE"
"572_CC_1_15v_x30_BSE.jpg","572_CC_1_15v_x30_BSE"
"573_CC_1_15v_x30_BSE.jpg","573_CC_1_15v_x30_BSE"
"577_CC_1_15v_x30.jpg","577_CC_1_15v_x30"
"577_CC_2_15v_x30.jpg","577_CC_2_15v_x30"
"577_CV_2_15v_x30.jpg","577_CV_2_15v_x30"
"599_CV_1_15v_x30_BSE.jpg","599_CV_1_15v_x30_BSE"
"600_CV_1_10v_x30_BSE.jpg","600_CV_1_10v_x30_BSE"
"600_CV_2_10v_x30_BSE.jpg","600_CV_2_10v_x30_BSE"
"601i_CV_1_10v_x30_BSE.jpg","601i_CV_1_10v_x30_BSE"
"601i_CV_2_10v_x30_BSE.jpg","601i_CV_2_10v_x30_BSE"
"602_CV_1_10v_x30_BSE.jpg","602_CV_1_10v_x30_BSE"
"602_CV_2_10v_x30_BSE.jpg","602_CV_2_10v_x30_BSE"
"602i_CC_1_10v_x30_BSE.jpg","602i_CC_1_10v_x30_BSE"
"602i_CC_2_10v_x30_BSE.jpg","602i_CC_2_10v_x30_BSE"
"603i_CV_1_10v_x30_BSE.jpg","603i_CV_1_10v_x30_BSE"
"603i_CV_2_10v_x30_BSE.jpg","603i_CV_2_10v_x30_BSE"
"604_CC_1_10v_x30_BSE.jpg","604_CC_1_10v_x30_BSE"
"604_CC_2_10v_x30_BSE.jpg","604_CC_2_10v_x30_BSE"
"604i_CV_1_10v_x30_BSE.jpg","604i_CV_1_10v_x30_BSE"
"604i_CV_2_10v_x30_BSE.jpg","604i_CV_2_10v_x30_BSE"
"605_CV_1_10v_x30_BSE.jpg","605_CV_1_10v_x30_BSE"
"605_CV_2_10v_x30_BSE.jpg","605_CV_2_10v_x30_BSE"
"605i_CV_1_10v_x30_BSE.jpg","605i_CV_1_10v_x30_BSE"
"605i_CV_2_10v_x30_BSE.jpg","605i_CV_2_10v_x30_BSE"
"606_CC_1_10v_x30_BSE.jpg","606_CC_1_10v_x30_BSE"
"606_CC_2_10v_x30_BSE.jpg","606_CC_2_10v_x30_BSE"
"607_CV_1_10v_x30_BSE.jpg","607_CV_1_10v_x30_BSE"
"607_CV_2_10v_x30_BSE.jpg","607_CV_2_10v_x30_BSE"
"607i_CV_1_15v_x30_BSE.jpg","607i_CV_1_15v_x30_BSE"
"607i_CV_2_15v_x30_BSE.jpg","607i_CV_2_15v_x30_BSE"
"608_CV_1_10v_x30_BSE.jpg","608_CV_1_10v_x30_BSE"
"608_CV_2_10v_x30_BSE.jpg","608_CV_2_10v_x30_BSE"
"608_CV_3_10v_x30_BSE.jpg","608_CV_3_10v_x30_BSE"
"608i_CC_1_15v_x30_BSE.jpg","608i_CC_1_15v_x30_BSE"
"608i_CC_2_15v_x30_BSE.jpg","608i_CC_2_15v_x30_BSE"
"609_CV_1_10v_x30_BSE.jpg","609_CV_1_10v_x30_BSE"
"609_CV_2_10v_x30_BSE.jpg","609_CV_2_10v_x30_BSE"
"609i_CV_1_15v_x30_BSE.jpg","609i_CV_1_15v_x30_BSE"
"609i_CV_2_15v_x30_BSE.jpg","609i_CV_2_15v_x30_BSE"
"610_CV_1_10v_x30_BSE.jpg","610_CV_1_10v_x30_BSE"
"610_CV_2_10v_x30_BSE.jpg","610_CV_2_10v_x30_BSE"
"610i_CC_1_15v_x30_BSE.jpg","610i_CC_1_15v_x30_BSE"
"610i_CC_2_15v_x30_BSE.jpg","610i_CC_2_15v_x30_BSE"
"611i_CV_1_15v_x30_BSE.jpg","611i_CV_1_15v_x30_BSE"
"611i_CV_2_15v_x30_BSE.jpg","611i_CV_2_15v_x30_BSE"
"612_CV_1_10v_x30_BSE.jpg","612_CV_1_10v_x30_BSE"
"612_CV_2_10v_x30_BSE.jpg","612_CV_2_10v_x30_BSE"
"614_CC_1_10v_x30_BSE.jpg","614_CC_1_10v_x30_BSE"
"614_CC_2_10v_x30_BSE.jpg","614_CC_2_10v_x30_BSE"
"614i_CV_1_15v_x30_BSE.jpg","614i_CV_1_15v_x30_BSE"
"614i_CV_2_15v_x30_BSE.jpg","614i_CV_2_15v_x30_BSE"
"615_CV_1_10v_x30_BSE.jpg","615_CV_1_10v_x30_BSE"
"615_CV_2_10v_x30_BSE.jpg","615_CV_2_10v_x30_BSE"
"615_CV_3_10v_x30_BSE.jpg","615_CV_3_10v_x30_BSE"
"615i_CV_1_15v_x30_BSE.jpg","615i_CV_1_15v_x30_BSE"
"615i_CV_2_15v_x30_BSE.jpg","615i_CV_2_15v_x30_BSE"
"616_CV_1_10v_x30_BSE.jpg","616_CV_1_10v_x30_BSE"
"616_CV_2_10v_x30_BSE.jpg","616_CV_2_10v_x30_BSE"
"616i_CC_1_15v_x30_BSE.jpg","616i_CC_1_15v_x30_BSE"
"616i_CC_2_15v_x30_BSE.jpg","616i_CC_2_15v_x30_BSE"
"617_CV_1_10v_x30_BSE.jpg","617_CV_1_10v_x30_BSE"
"617_CV_2_10v_x30_BSE.jpg","617_CV_2_10v_x30_BSE"
"617i_CV_1_15v_x30_BSE.jpg","617i_CV_1_15v_x30_BSE"
"617i_CV_2_15v_x30_BSE.jpg","617i_CV_2_15v_x30_BSE"
"618_CV_1_10v_x30_BSE.jpg","618_CV_1_10v_x30_BSE"
"618_CV_2_10v_x30_BSE.jpg","618_CV_2_10v_x30_BSE"
"618_CV_3_10v_x30_BSE.jpg","618_CV_3_10v_x30_BSE"
"618i_CV_1_15v_x30_BSE.jpg","618i_CV_1_15v_x30_BSE"
"618i_CV_2_15v_x30_BSE(x30).jpg","618i_CV_2_15v_x30_BSE(x30)"
"619_CV_1_10v_x30_BSE.jpg","619_CV_1_10v_x30_BSE"
"619_CV_2_10v_x30_BSE.jpg","619_CV_2_10v_x30_BSE"
"619i_CV_1_15v_x30_BSE(x30).jpg","619i_CV_1_15v_x30_BSE(x30)"
"619i_CV_2_15v_x30_BSE(x30).jpg","619i_CV_2_15v_x30_BSE(x30)"
"620_CV_1_10v_x30_BSE.jpg","620_CV_1_10v_x30_BSE"
"620_CV_2_10v_x30_BSE.jpg","620_CV_2_10v_x30_BSE"
"621_CC_1_10v_x30_BSE.jpg","621_CC_1_10v_x30_BSE"
"621_CC_2_10v_x30_BSE.jpg","621_CC_2_10v_x30_BSE"
"621i_CV_1_15v_x30_BSE(x30).jpg","621i_CV_1_15v_x30_BSE(x30)"
"621i_CV_2_15v_x30_BSE(x30).jpg","621i_CV_2_15v_x30_BSE(x30)"
"622_CV_1_10v_x30_BSE.jpg","622_CV_1_10v_x30_BSE"
"622_CV_2_10v_x30_BSE.jpg","622_CV_2_10v_x30_BSE"
"622i_CC_1_15v_x30_BSE(x30).jpg","622i_CC_1_15v_x30_BSE(x30)"
"623_CC_1_10v_x30_BSE.jpg","623_CC_1_10v_x30_BSE"
"623_CC_2_10v_x30_BSE.jpg","623_CC_2_10v_x30_BSE"
"624_CV_1_10v_x30_BSE.jpg","624_CV_1_10v_x30_BSE"
"624_CV_2_10v_x30_BSE.jpg","624_CV_2_10v_x30_BSE"
"624i_CC_1_15v_x30_BSE(x30).jpg","624i_CC_1_15v_x30_BSE(x30)"
"624i_CC_2_15v_x30_BSE(x30).jpg","624i_CC_2_15v_x30_BSE(x30)"
"625_CC_1_10v_x30_BSE.jpg","625_CC_1_10v_x30_BSE"
"625_CC_2_10v_x30_BSE.jpg","625_CC_2_10v_x30_BSE"
"625_CC_3_10v_x30_BSE.jpg","625_CC_3_10v_x30_BSE"
"626_CC_1_10v_x30_BSE.jpg","626_CC_1_10v_x30_BSE"
"626_CC_2_10v_x30_BSE.jpg","626_CC_2_10v_x30_BSE"
"626i_CC_1_15v_x30_BSE(x30).jpg","626i_CC_1_15v_x30_BSE(x30)"
"626i_CC_2_15v_x30_BSE(x30).jpg","626i_CC_2_15v_x30_BSE(x30)"
"627_CV_1_10v_x30_BSE.jpg","627_CV_1_10v_x30_BSE"
"627_CV_2_10v_x30_BSE.jpg","627_CV_2_10v_x30_BSE"
"627_CV_3_10v_x30_BSE.jpg","627_CV_3_10v_x30_BSE"
"628_CV_1_10v_x30_BSE.jpg","628_CV_1_10v_x30_BSE"
"628_CV_2_10v_x30_BSE.jpg","628_CV_2_10v_x30_BSE"
"628i_CV_1_15v_x30_BSE(x30).jpg","628i_CV_1_15v_x30_BSE(x30)"
"630_CV_1_10v_x30_BSE.jpg","630_CV_1_10v_x30_BSE"
"630_CV_2_10v_x30_BSE.jpg","630_CV_2_10v_x30_BSE"
"631_CV_1_10v_x30_BSE.jpg","631_CV_1_10v_x30_BSE"
"631_CV_2_10v_x30_BSE.jpg","631_CV_2_10v_x30_BSE"
"632i_CV_1_15v_x30_BSE(x30).jpg","632i_CV_1_15v_x30_BSE(x30)"
"632i_CV_2_15v_x30_BSE(x30).jpg","632i_CV_2_15v_x30_BSE(x30)"
"633_CC_1_10v_x30_BSE.jpg","633_CC_1_10v_x30_BSE"
"633_CC_2_10v_x30_BSE.jpg","633_CC_2_10v_x30_BSE"
"634_CV_1_10v_x30_BSE.jpg","634_CV_1_10v_x30_BSE"
"634_CV_2_10v_x30_BSE.jpg","634_CV_2_10v_x30_BSE"
"635i_CV_1_15v_x30_BSE(x30).jpg","635i_CV_1_15v_x30_BSE(x30)"
"636_CV_1_10v_x30_BSE.jpg","636_CV_1_10v_x30_BSE"
"636_CV_2_10v_x30_BSE.jpg","636_CV_2_10v_x30_BSE"
"637_CC_1_15v_x30_BSE.jpg","637_CC_1_15v_x30_BSE"
"637_CC_2_15v_x30_BSE.jpg","637_CC_2_15v_x30_BSE"
"638i_CC_1_15v_x30_BSE(x30).jpg","638i_CC_1_15v_x30_BSE(x30)"
"638i_CC_2_15v_x30_BSE(x30).jpg","638i_CC_2_15v_x30_BSE(x30)"
"639i_CV_1_15v_x30_BSE(x30).jpg","639i_CV_1_15v_x30_BSE(x30)"
"639i_CV_2_15v_x30_BSE(x30).jpg","639i_CV_2_15v_x30_BSE(x30)"
"640i_CV_1_15v_x30_BSE(x30).jpg","640i_CV_1_15v_x30_BSE(x30)"
"640i_CV_2_15v_x30_BSE(x30).jpg","640i_CV_2_15v_x30_BSE(x30)"
"641_CV_1_15v_x30_BSE.jpg","641_CV_1_15v_x30_BSE"
"641_CV_2_15v_x30_BSE.jpg","641_CV_2_15v_x30_BSE"
"641i_CV_1_15v_x30_BSE(x30).jpg","641i_CV_1_15v_x30_BSE(x30)"
"641i_CV_2_15v_x30_BSE(x30).jpg","641i_CV_2_15v_x30_BSE(x30)"
"642_CV_1_15v_x30_BSE.jpg","642_CV_1_15v_x30_BSE"
"642_CV_2_15v_x30_BSE.jpg","642_CV_2_15v_x30_BSE"
"642i_CV_1_15v_x30_BSE(x30).jpg","642i_CV_1_15v_x30_BSE(x30)"
"642i_CV_2_15v_x30_BSE(x30).jpg","642i_CV_2_15v_x30_BSE(x30)"
"643_CV_1_15v_x30_BSE.jpg","643_CV_1_15v_x30_BSE"
"643_CV_2_15v_x30_BSE.jpg","643_CV_2_15v_x30_BSE"
"643i_CV_1_15v_x30_BSE.jpg","643i_CV_1_15v_x30_BSE"
"643i_CV_2_15v_x30_BSE.jpg","643i_CV_2_15v_x30_BSE"
"644_CV_1_15v_x30_BSE.jpg","644_CV_1_15v_x30_BSE"
"644_CV_2_15v_x30_BSE.jpg","644_CV_2_15v_x30_BSE"
"644i_CV_1_15v_x30_BSE.jpg","644i_CV_1_15v_x30_BSE"
"644i_CV_2_15v_x30_BSE.jpg","644i_CV_2_15v_x30_BSE"
"645i_CV_1_15v_x30_BSE.jpg","645i_CV_1_15v_x30_BSE"
"645i_CV_2_15v_x30_BSE.jpg","645i_CV_2_15v_x30_BSE"
"646_CC_1_15v_x30_BSE.jpg","646_CC_1_15v_x30_BSE"
"646_CC_2_15v_x30_BSE.jpg","646_CC_2_15v_x30_BSE"
"646i_CC_1_15v_x30_BSE.jpg","646i_CC_1_15v_x30_BSE"
"646i_CC_2_15v_x30_BSE.jpg","646i_CC_2_15v_x30_BSE"
"647_CV_1_15v_x30_BSE.jpg","647_CV_1_15v_x30_BSE"
"647_CV_2_15v_x30_BSE.jpg","647_CV_2_15v_x30_BSE"
"647i_CV_1_15v_x30_BSE.jpg","647i_CV_1_15v_x30_BSE"
"647i_CV_2_15v_x30_BSE.jpg","647i_CV_2_15v_x30_BSE"
"648_CC_1_15v_x30_BSE.jpg","648_CC_1_15v_x30_BSE"
"648_CC_2_15v_x30_BSE.jpg","648_CC_2_15v_x30_BSE"
"649_CV_1_15v_x30_BSE.jpg","649_CV_1_15v_x30_BSE"
"649_CV_2_15v_x30_BSE.jpg","649_CV_2_15v_x30_BSE"
"649i_CV_1_15v_x30_BSE.jpg","649i_CV_1_15v_x30_BSE"
"649i_CV_2_15v_x30_BSE.jpg","649i_CV_2_15v_x30_BSE"
"650_CV_1_15v_x30_BSE.jpg","650_CV_1_15v_x30_BSE"
"650_CV_2_15v_x30_BSE.jpg","650_CV_2_15v_x30_BSE"
"650i_CV_1_15v_x30_BSE.jpg","650i_CV_1_15v_x30_BSE"
"650i_CV_2_15v_x30_BSE.jpg","650i_CV_2_15v_x30_BSE"
"651_CC_1_15v_x30_BSE.jpg","651_CC_1_15v_x30_BSE"
"651_CC_2_15v_x30_BSE.jpg","651_CC_2_15v_x30_BSE"
"651i_CC_1_15v_x30_BSE.jpg","651i_CC_1_15v_x30_BSE"
"651i_CC_2_15v_x30_BSE.jpg","651i_CC_2_15v_x30_BSE"
"652_CC_1_15v_x30_BSE.jpg","652_CC_1_15v_x30_BSE"
"652_CC_2_15v_x30_BSE.jpg","652_CC_2_15v_x30_BSE"
"652i_CV_1_15v_x30_BSE.jpg","652i_CV_1_15v_x30_BSE"
"652i_CV_2_15v_x30_BSE.jpg","652i_CV_2_15v_x30_BSE"
"653_CC_1_15v_x30_BSE.jpg","653_CC_1_15v_x30_BSE"
"653_CC_2_15v_x30_BSE.jpg","653_CC_2_15v_x30_BSE"
"653i_CV_1_15v_x30_BSE.jpg","653i_CV_1_15v_x30_BSE"
"654_CV_1_15v_x30_BSE.jpg","654_CV_1_15v_x30_BSE"
"654_CV_2_15v_x30_BSE.jpg","654_CV_2_15v_x30_BSE"
"655_CV_3_15v_x30_BSE.jpg","655_CV_3_15v_x30_BSE"
"655i_CV_2_15v_x30_BSE.jpg","655i_CV_2_15v_x30_BSE"
"655i_CV_3_15v_x30_BSE.jpg","655i_CV_3_15v_x30_BSE"
"656_CV_1_15v_x30_BSE.jpg","656_CV_1_15v_x30_BSE"
"656_CV_2_15v_x30_BSE.jpg","656_CV_2_15v_x30_BSE"
"656i_CC_1_15v_x30.BSE.jpg","656i_CC_1_15v_x30"
"657_CV_1_15v_x30_BSE.jpg","657_CV_1_15v_x30_BSE"
"657_CV_2_15v_x30_BSE.jpg","657_CV_2_15v_x30_BSE"
"658_CV_1_15v_x30_BSE.jpg","658_CV_1_15v_x30_BSE"
"658_CV_2_15v_x30_BSE.jpg","658_CV_2_15v_x30_BSE"
"658i_CV_1_15v_x30.jpg","658i_CV_1_15v_x30"
"659_CV_1_15v_x30_BSE.jpg","659_CV_1_15v_x30_BSE"
"659_CV_2_15v_x30_BSE.jpg","659_CV_2_15v_x30_BSE"
"659i_CV_1_15v_x30.jpg","659i_CV_1_15v_x30"
"659i_CV_2_15v_x30.jpg","659i_CV_2_15v_x30"
"660_CV_1_10v_x30_BSE.jpg","660_CV_1_10v_x30_BSE"
"660_CV_2_10v_x30_BSE.jpg","660_CV_2_10v_x30_BSE"
"660i_CV_1_15v_x30.jpg","660i_CV_1_15v_x30"
"661_CC_1_10v_x30_BSE.jpg","661_CC_1_10v_x30_BSE"
"661_CC_2_10v_x30_BSE.jpg","661_CC_2_10v_x30_BSE"
"661i_CV_2_15v_x30.jpg","661i_CV_2_15v_x30"
"662_CV_1_10v_x30_BSE.jpg","662_CV_1_10v_x30_BSE"
"662_CV_2_10v_x30_BSE.jpg","662_CV_2_10v_x30_BSE"
"662i_CC_1_15v_x30.jpg","662i_CC_1_15v_x30"
"662i_CC_2_15v_x30.jpg","662i_CC_2_15v_x30"
"662i_CV_1_15v_x30.jpg","662i_CV_1_15v_x30"
"662i_CV_2_15v_x30.jpg","662i_CV_2_15v_x30"
"663_CC_1_10v_x30_BSE.jpg","663_CC_1_10v_x30_BSE"
"663_CC_2_10v_x30_BSE.jpg","663_CC_2_10v_x30_BSE"
"663i_CV_1_15v_x30.jpg","663i_CV_1_15v_x30"
"663i_CV_2_15v_x30.jpg","663i_CV_2_15v_x30"
"663i_CV_3_15v_x30.jpg","663i_CV_3_15v_x30"
"664_CV_1_10v_x30_BSE.jpg","664_CV_1_10v_x30_BSE"
"664_CV_2_10v_x30_BSE.jpg","664_CV_2_10v_x30_BSE"
"664i_CC_1_15v_x30.jpg","664i_CC_1_15v_x30"
"664i_CC_2_15v_x30.jpg","664i_CC_2_15v_x30"
"665_CV_1_10v_x30_BSE.jpg","665_CV_1_10v_x30_BSE"
"665_CV_2_10v_x30_BSE.jpg","665_CV_2_10v_x30_BSE"
"665_CV_3_10v_x30_BSE.jpg","665_CV_3_10v_x30_BSE"
"665i_CC_1_15v_x30.jpg","665i_CC_1_15v_x30"
"665i_CC_2_15v_x30.jpg","665i_CC_2_15v_x30"
"665i_CC_3_15v_x30.jpg","665i_CC_3_15v_x30"
"666_CV_1_10v_x30_BSE.jpg","666_CV_1_10v_x30_BSE"
"666_CV_2_10v_x30_BSE.jpg","666_CV_2_10v_x30_BSE"
"666i_CC_1_15v_x30.jpg","666i_CC_1_15v_x30"
"666i_CV_1_15v_x30.jpg","666i_CV_1_15v_x30"
"667_CC_1_10v_x30_BSE.jpg","667_CC_1_10v_x30_BSE"
"667_CC_2_10v_x30_BSE.jpg","667_CC_2_10v_x30_BSE"
"668_CV_1_10v_x30_BSE.jpg","668_CV_1_10v_x30_BSE"
"668_CV_2_10v_x30_BSE.jpg","668_CV_2_10v_x30_BSE"
"670_CV_1_10v_x30_BSE.jpg","670_CV_1_10v_x30_BSE"
"670_CV_2_10v_x30_BSE.jpg","670_CV_2_10v_x30_BSE"
"671_CC_1_10v_x30_BSE.jpg","671_CC_1_10v_x30_BSE"
"671_CC_2_10v_x30_BSE.jpg","671_CC_2_10v_x30_BSE"
"673_CC_1_10v_x30_BSE.jpg","673_CC_1_10v_x30_BSE"
"673_CC_2_10v_x30_BSE.jpg","673_CC_2_10v_x30_BSE"
"674_CV_1_10v_x30_BSE.jpg","674_CV_1_10v_x30_BSE"
"674_CV_2_10v_x30_BSE.jpg","674_CV_2_10v_x30_BSE"
"675_CV_1_10v_x30_BSE.jpg","675_CV_1_10v_x30_BSE"
"675_CV_2_10v_x30_BSE.jpg","675_CV_2_10v_x30_BSE"
"676_CC_1_10v_x30_BSE.jpg","676_CC_1_10v_x30_BSE"
"676_CC_2_10v_x30_BSE.jpg","676_CC_2_10v_x30_BSE"
"677_CV_1_10v_x30_BSE.jpg","677_CV_1_10v_x30_BSE"
"677_CV_2_10v_x30_BSE.jpg","677_CV_2_10v_x30_BSE"
"678_CV_1_10v_x30_BSE.jpg","678_CV_1_10v_x30_BSE"
"678_CV_2_10v_x30_BSE.jpg","678_CV_2_10v_x30_BSE"
"679_CV_1_10v_x30_BSE.jpg","679_CV_1_10v_x30_BSE"
"679_CV_2_10v_x30_BSE.jpg","679_CV_2_10v_x30_BSE"
"680_CC_1_10v_x30_BSE.jpg","680_CC_1_10v_x30_BSE"
"680_CC_2_10v_x30_BSE.jpg","680_CC_2_10v_x30_BSE"
"681_CV_1_10v_x30_BSE.jpg","681_CV_1_10v_x30_BSE"
"681_CV_2_10v_x30_BSE.jpg","681_CV_2_10v_x30_BSE"
"682_CV_1_10v_x30_BSE.jpg","682_CV_1_10v_x30_BSE"
"682_CV_2_10v_x30_BSE.jpg","682_CV_2_10v_x30_BSE"
"683_CV_1_10v_x30_BSE.jpg","683_CV_1_10v_x30_BSE"
"683_CV_2_10v_x30_BSE.jpg","683_CV_2_10v_x30_BSE"
"684_CV_1_10v_x30_BSE.jpg","684_CV_1_10v_x30_BSE"
"684_CV_2_10v_x30_BSE.jpg","684_CV_2_10v_x30_BSE"
"686_CV_1_10v_x30_BSE.jpg","686_CV_1_10v_x30_BSE"
"686_CV_2_10v_x30_BSE.jpg","686_CV_2_10v_x30_BSE"
"688_CC_1_10v_x30_BSE.jpg","688_CC_1_10v_x30_BSE"
"688_CC_2_10v_x30_BSE.jpg","688_CC_2_10v_x30_BSE"
"689_CV_1_10v_x30_BSE.jpg","689_CV_1_10v_x30_BSE"
"689_CV_2_10v_x30_BSE.jpg","689_CV_2_10v_x30_BSE"
"690_CC_1_10v_x30_BSE.jpg","690_CC_1_10v_x30_BSE"
"690_CC_2_10v_x30_BSE.jpg","690_CC_2_10v_x30_BSE"
"691_CV_1_10v_x30_BSE.jpg","691_CV_1_10v_x30_BSE"
"691_CV_2_10v_x30_BSE.jpg","691_CV_2_10v_x30_BSE"
"693_CV_1_10v_x30_BSE.jpg","693_CV_1_10v_x30_BSE"
"693_CV_2_10v_x30_BSE.jpg","693_CV_2_10v_x30_BSE"
"694_CV_1_10v_x30_BSE.jpg","694_CV_1_10v_x30_BSE"
"694_CV_2_10v_x30_BSE.jpg","694_CV_2_10v_x30_BSE"
"695_CV_1_10v_x30_BSE.jpg","695_CV_1_10v_x30_BSE"
"695_CV_2_10v_x30_BSE.jpg","695_CV_2_10v_x30_BSE"
"696_CC_1_10v_x30_BSE.jpg","696_CC_1_10v_x30_BSE"
"696_CC_2_10v_x30_BSE.jpg","696_CC_2_10v_x30_BSE"
"697_CV_1_10v_x30_BSE.jpg","697_CV_1_10v_x30_BSE"
"697_CV_2_10v_x30_BSE.jpg","697_CV_2_10v_x30_BSE"
"698_CV_1_10v_x30_BSE.jpg","698_CV_1_10v_x30_BSE"
"698_CV_2_10v_x30_BSE.jpg","698_CV_2_10v_x30_BSE"
"700i_CV_1_15v_x30.BSE.jpg","700i_CV_1_15v_x30"
"700i_CV_2_15v_x30.BSE.jpg","700i_CV_2_15v_x30"
"701_CC_1_10v_x30_BSE.jpg","701_CC_1_10v_x30_BSE"
"701_CC_2_10v_x30_BSE.jpg","701_CC_2_10v_x30_BSE"
"701i_CV_1_15V_x30_BSE.jpg","701i_CV_1_15V_x30_BSE"
"701i_CV_2_15V_x30_BSE.jpg","701i_CV_2_15V_x30_BSE"
"702_CV_1_10v_x30_BSE.jpg","702_CV_1_10v_x30_BSE"
"702_CV_2_10v_x30_BSE.jpg","702_CV_2_10v_x30_BSE"
"702i_CV_1_15V_x30_BSE.jpg","702i_CV_1_15V_x30_BSE"
"702i_CV_2_15V_x30_BSE.jpg","702i_CV_2_15V_x30_BSE"
"704_CV_1_10v_x30_BSE.jpg","704_CV_1_10v_x30_BSE"
"704_CV_2_10v_x30_BSE.jpg","704_CV_2_10v_x30_BSE"
"704i_CC_1_15V_x30_BSE.jpg","704i_CC_1_15V_x30_BSE"
"705_CC_1_10v_x30_BSE.jpg","705_CC_1_10v_x30_BSE"
"705_CC_2_10v_x30_BSE.jpg","705_CC_2_10v_x30_BSE"
"705i_CC_1_15V_x30_BSE.jpg","705i_CC_1_15V_x30_BSE"
"706_CC_1_10v_x30_BSE.jpg","706_CC_1_10v_x30_BSE"
"706_CC_2_10v_x30_BSE.jpg","706_CC_2_10v_x30_BSE"
"706i_CV_1_15V_x30_BSE.jpg","706i_CV_1_15V_x30_BSE"
"706i_CV_2_15V_x30_BSE.jpg","706i_CV_2_15V_x30_BSE"
"706i_CV_3_15V_x30_BSE.jpg","706i_CV_3_15V_x30_BSE"
"707_CC_1_10v_x30_BSE.jpg","707_CC_1_10v_x30_BSE"
"707_CC_2_10v_x30_BSE.jpg","707_CC_2_10v_x30_BSE"
"707i_CC_1_15V_x30_BSE.jpg","707i_CC_1_15V_x30_BSE"
"708i_CC_1_15V_x30_BSE.jpg","708i_CC_1_15V_x30_BSE"
"708i_CV_1_15V_x30_BSE.jpg","708i_CV_1_15V_x30_BSE"
"708i_CV_2_15V_x30_BSE.jpg","708i_CV_2_15V_x30_BSE"
"708i_CV_3_15V_x30_BSE.jpg","708i_CV_3_15V_x30_BSE"
"709_CC_1_10v_x30_BSE.jpg","709_CC_1_10v_x30_BSE"
"709_CC_2_10v_x30_BSE.jpg","709_CC_2_10v_x30_BSE"
"709_CC_3_10v_x30_BSE.jpg","709_CC_3_10v_x30_BSE"
"709i_CC_1_15V_x30_BSE.jpg","709i_CC_1_15V_x30_BSE"
"709i_CC_2_15V_x30_BSE.jpg","709i_CC_2_15V_x30_BSE"
"710_CV_1_10v_x30_BSE.jpg","710_CV_1_10v_x30_BSE"
"710_CV_2_10v_x30_BSE.jpg","710_CV_2_10v_x30_BSE"
"710i_CV_1_15V_x30_BSE.jpg","710i_CV_1_15V_x30_BSE"
"710i_CV_2_15V_x30_BSE.jpg","710i_CV_2_15V_x30_BSE"
"710i_CV_3_15V_x30_BSE.jpg","710i_CV_3_15V_x30_BSE"
"711_CC_1_10v_x30_BSE.jpg","711_CC_1_10v_x30_BSE"
"711_CC_2_10v_x30_BSE.jpg","711_CC_2_10v_x30_BSE"
"712i_CC_1_15V_x30_BSE.jpg","712i_CC_1_15V_x30_BSE"
"713i_CV_1_15V_x30_BSE.jpg","713i_CV_1_15V_x30_BSE"
"713i_CV_2_15V_x30_BSE.jpg","713i_CV_2_15V_x30_BSE"
"713i_CV_3_15V_x30_BSE.jpg","713i_CV_3_15V_x30_BSE"
"715_CC_1_10v_x30_BSE.jpg","715_CC_1_10v_x30_BSE"
"715_CC_2_10v_x30_BSE.jpg","715_CC_2_10v_x30_BSE"
"715i_CV_1_15V_x30_BSE.jpg","715i_CV_1_15V_x30_BSE"
"715i_CV_2_15V_x30_BSE.jpg","715i_CV_2_15V_x30_BSE"
"716_CC_1_10v_x30_BSE.jpg","716_CC_1_10v_x30_BSE"
"716_CC_2_10v_x30_BSE.jpg","716_CC_2_10v_x30_BSE"
"716i_CV_1_15V_x30_BSE.jpg","716i_CV_1_15V_x30_BSE"
"717_CV_1_10v_x30_BSE.jpg","717_CV_1_10v_x30_BSE"
"717_CV_2_10v_x30_BSE.jpg","717_CV_2_10v_x30_BSE"
"717_CV_3_10v_x30_BSE.jpg","717_CV_3_10v_x30_BSE"
"718_CC_1_10v_x30_BSE.jpg","718_CC_1_10v_x30_BSE"
"718_CC_2_10v_x30_BSE.jpg","718_CC_2_10v_x30_BSE"
"719_F_1_10v_x30_BSE.jpg","719_F_1_10v_x30_BSE"
"719_F_2_10v_x30_BSE.jpg","719_F_2_10v_x30_BSE"
"720_CV_1_10v_x30_BSE.jpg","720_CV_1_10v_x30_BSE"
"720_CV_2_10v_x30_BSE.jpg","720_CV_2_10v_x30_BSE"
"721_CC_1_5v_x30_BSE.jpg","721_CC_1_5v_x30_BSE"
"721_CC_2_5v_x30_BSE.jpg","721_CC_2_5v_x30_BSE"
"723_CC_1_10v_x30_BSE.jpg","723_CC_1_10v_x30_BSE"
"723_CC_2_10v_x30_BSE.jpg","723_CC_2_10v_x30_BSE"
"723_CC_3_10v_x30_BSE.jpg","723_CC_3_10v_x30_BSE"
"724_CC_1_5v_x30_BSE.jpg","724_CC_1_5v_x30_BSE"
"724_CC_2_5v_x30_BSE.jpg","724_CC_2_5v_x30_BSE"
"725_CC_1_5v_x30_BSE.jpg","725_CC_1_5v_x30_BSE"
"725_CC_2_5v_x30_BSE.jpg","725_CC_2_5v_x30_BSE"
"726_CC_1_5v_x30_BSE.jpg","726_CC_1_5v_x30_BSE"
"726_CC_2_5v_x30_BSE.jpg","726_CC_2_5v_x30_BSE"
"727_CC_1_5v_x30_BSE.jpg","727_CC_1_5v_x30_BSE"
"727_CC_2_5v_x30_BSE.jpg","727_CC_2_5v_x30_BSE"
"728_CC_1_5v_x30_BSE.jpg","728_CC_1_5v_x30_BSE"
"728_CC_2_5v_x30_BSE.jpg","728_CC_2_5v_x30_BSE"
"731_CC_1_10v_x30_BSE.jpg","731_CC_1_10v_x30_BSE"
"731_CC_2_10v_x30_BSE.jpg","731_CC_2_10v_x30_BSE"
"732_F_1_10v_x30_BSE.jpg","732_F_1_10v_x30_BSE"
"732_F_2_15v_x30_BSE.jpg","732_F_2_15v_x30_BSE"
"732_F_3_15v_x30_BSE.jpg","732_F_3_15v_x30_BSE"
"733_CV_1_5v_x30_BSE.jpg","733_CV_1_5v_x30_BSE"
"733_CV_2_5v_x30_BSE.jpg","733_CV_2_5v_x30_BSE"
"734_CV_1_5v_x30_BSE.jpg","734_CV_1_5v_x30_BSE"
"734_CV_2_5v_x30_BSE.jpg","734_CV_2_5v_x30_BSE"
"735_CV_1_15v_x30_BSE.jpg","735_CV_1_15v_x30_BSE"
"735_CV_2_15v_x30_BSE.jpg","735_CV_2_15v_x30_BSE"
"736_CV_1_15v_x30_BSE.jpg","736_CV_1_15v_x30_BSE"
"736_CV_2_15v_x30_BSE.jpg","736_CV_2_15v_x30_BSE"
"736_CV_3_15v_x30_BSE.jpg","736_CV_3_15v_x30_BSE"
"737_CC_1_15v_x30_BSE.jpg","737_CC_1_15v_x30_BSE"
"737_CC_2_15v_x30_BSE.jpg","737_CC_2_15v_x30_BSE"
"738_CV_1_15v_x30_BSE.jpg","738_CV_1_15v_x30_BSE"
"738_CV_2_15v_x30_BSE.jpg","738_CV_2_15v_x30_BSE"
"739_CV_1_15v_x30_BSE.jpg","739_CV_1_15v_x30_BSE"
"739_CV_2_15v_x30_BSE.jpg","739_CV_2_15v_x30_BSE"
"739_CV_3_15v_x30_BSE.jpg","739_CV_3_15v_x30_BSE"
"740_CV_2_15v_x30_BSE.jpg","740_CV_2_15v_x30_BSE"
"741_CV_1_10v_x30_BSE.jpg","741_CV_1_10v_x30_BSE"
"741_CV_2_10v_x30_BSE.jpg","741_CV_2_10v_x30_BSE"
"742_CV_1_10v_x30_BSE.jpg","742_CV_1_10v_x30_BSE"
"742_CV_2_10v_x30_BSE.jpg","742_CV_2_10v_x30_BSE"
"743_CC_1_10v_x30_BSE.jpg","743_CC_1_10v_x30_BSE"
"743_CC_2_10v_x30_BSE.jpg","743_CC_2_10v_x30_BSE"
"743_CC_3_10v_x30_BSE.jpg","743_CC_3_10v_x30_BSE"
"744_CV_1_10v_x30_BSE.jpg","744_CV_1_10v_x30_BSE"
"744_CV_2_10v_x30_BSE.jpg","744_CV_2_10v_x30_BSE"
"745_CV_1_10v_x30_BSE.jpg","745_CV_1_10v_x30_BSE"
"745_CV_2_10v_x30_BSE.jpg","745_CV_2_10v_x30_BSE"
"746_CV_1_10v_x30_BSE.jpg","746_CV_1_10v_x30_BSE"
"746_CV_2_10v_x30_BSE.jpg","746_CV_2_10v_x30_BSE"
"747_F_1_5v_x30_BSE.jpg","747_F_1_5v_x30_BSE"
"747_F_2_5v_x30_BSE.jpg","747_F_2_5v_x30_BSE"
"748_CV_1_15v_x30_BSE.jpg","748_CV_1_15v_x30_BSE"
"748_CV_2_15v_x30_BSE.jpg","748_CV_2_15v_x30_BSE"
"749_CC_1_15v_x30_BSE.jpg","749_CC_1_15v_x30_BSE"
"749_CC_2_15v_x30_BSE.jpg","749_CC_2_15v_x30_BSE"
"749_CC_3_15v_x30_BSE.jpg","749_CC_3_15v_x30_BSE"
"751_CV_1_15v_x30_BSE.jpg","751_CV_1_15v_x30_BSE"
"751_CV_2_15v_x30_BSE.jpg","751_CV_2_15v_x30_BSE"
"752_CC_1_15v_x30_BSE.jpg","752_CC_1_15v_x30_BSE"
"752_CC_2_15v_x30_BSE.jpg","752_CC_2_15v_x30_BSE"
"752_CC_3_15v_x30_BSE.jpg","752_CC_3_15v_x30_BSE"
"753_CV_1_15v_x30_BSE.jpg","753_CV_1_15v_x30_BSE"
"753_CV_2_15v_x30_BSE.jpg","753_CV_2_15v_x30_BSE"
"754_CC_1_15v_x30_BSE.jpg","754_CC_1_15v_x30_BSE"
"754_CC_2_15v_x30_BSE.jpg","754_CC_2_15v_x30_BSE"
"755_CV_1_15v_x30_BSE.jpg","755_CV_1_15v_x30_BSE"
"755_CV_2_15v_x30_BSE.jpg","755_CV_2_15v_x30_BSE"
"756_CC_1_15v_x30_BSE.jpg","756_CC_1_15v_x30_BSE"
"757_CV_1_15v_x30_BSE.jpg","757_CV_1_15v_x30_BSE"
"757_CV_2_15v_x30_BSE.jpg","757_CV_2_15v_x30_BSE"
"758_CV_1_15v_x30_BSE.jpg","758_CV_1_15v_x30_BSE"
"758_CV_2_15v_x30_BSE.jpg","758_CV_2_15v_x30_BSE"
"759_CV_1_15v_x30_BSE.jpg","759_CV_1_15v_x30_BSE"
"759_CV_2_15v_x30_BSE.jpg","759_CV_2_15v_x30_BSE"
"760_CV_1_15v_x30_BSE.jpg","760_CV_1_15v_x30_BSE"
"760_CV_2_15v_x30_BSE.jpg","760_CV_2_15v_x30_BSE"
"761_CV_1_15v_x30_BSE.jpg","761_CV_1_15v_x30_BSE"
"761_CV_2_15v_x30_BSE.jpg","761_CV_2_15v_x30_BSE"
"762_CC_1_15v_x30_BSE.jpg","762_CC_1_15v_x30_BSE"
"762_CC_2_15v_x30_BSE.jpg","762_CC_2_15v_x30_BSE"
"765_CV_2_15v_x30_BSE.jpg","765_CV_2_15v_x30_BSE"
"767_CV_1_15v_x30_BSE.jpg","767_CV_1_15v_x30_BSE"
"767_CV_2_15v_x30_BSE.jpg","767_CV_2_15v_x30_BSE"
"768_CC_1_15v_x30_BSE.jpg","768_CC_1_15v_x30_BSE"
"769_CV_1_15v_x30_BSE.jpg","769_CV_1_15v_x30_BSE"
"769_CV_2_15v_x30_BSE.jpg","769_CV_2_15v_x30_BSE"
"769_CV_3_15v_x30_BSE.jpg","769_CV_3_15v_x30_BSE"
"770_CV_1_15v_x30_BSE.jpg","770_CV_1_15v_x30_BSE"
"770_CV_2_15v_x30_BSE.jpg","770_CV_2_15v_x30_BSE"
"770_CV_3_15v_x30_BSE.jpg","770_CV_3_15v_x30_BSE"
"771_CV_1_15v_x30_BSE.jpg","771_CV_1_15v_x30_BSE"
"771_CV_2_15v_x30_BSE.jpg","771_CV_2_15v_x30_BSE"
"772_CV_1_15v_x30_BSE.jpg","772_CV_1_15v_x30_BSE"
"772_CV_2_15v_x30_BSE.jpg","772_CV_2_15v_x30_BSE"
"773_CV_1_15v_x30_BSE.jpg","773_CV_1_15v_x30_BSE"
"773_CV_2_15v_x30_BSE.jpg","773_CV_2_15v_x30_BSE"
"774_CV_1_15v_x30_BSE.jpg","774_CV_1_15v_x30_BSE"
"774_CV_2_15v_x30_BSE.jpg","774_CV_2_15v_x30_BSE"
"775_CV_1_15v_x30_BSE.jpg","775_CV_1_15v_x30_BSE"
"775_CV_2_15v_x30_BSE.jpg","775_CV_2_15v_x30_BSE"
"776_CV_2_15v_x30_BSE.jpg","776_CV_2_15v_x30_BSE"
"777_CV_1_15v_x30_BSE.jpg","777_CV_1_15v_x30_BSE"
"777_CV_2_15v_x30_BSE.jpg","777_CV_2_15v_x30_BSE"
"777_CV_3_15v_x30_BSE.jpg","777_CV_3_15v_x30_BSE"
"778_CV_1_15v_x30_BSE.jpg","778_CV_1_15v_x30_BSE"
"778_CV_2_15v_x30_BSE.jpg","778_CV_2_15v_x30_BSE"
"779_CV_1_15v_x30_BSE.jpg","779_CV_1_15v_x30_BSE"
"779_CV_2_15v_x30_BSE.jpg","779_CV_2_15v_x30_BSE"
"780_CV_1_15v_x30_BSE.jpg","780_CV_1_15v_x30_BSE"
"780_CV_2_15v_x30_BSE.jpg","780_CV_2_15v_x30_BSE"
"781_CC_1_15v_x30_BSE.jpg","781_CC_1_15v_x30_BSE"
"781_CC_2_15v_x30_BSE.jpg","781_CC_2_15v_x30_BSE"
"782_CV_1_15v_x30_BSE.jpg","782_CV_1_15v_x30_BSE"
"782_CV_2_15v_x30_BSE.jpg","782_CV_2_15v_x30_BSE"
"783_CC_1_15v_x30_BSE.jpg","783_CC_1_15v_x30_BSE"
"783_CC_2_15v_x30_BSE.jpg","783_CC_2_15v_x30_BSE"
"784_CV_1_15v_x30_BSE.jpg","784_CV_1_15v_x30_BSE"
"784_CV_2_15v_x30_BSE.jpg","784_CV_2_15v_x30_BSE"
"785_CC_1_15v_x30_BSE.jpg","785_CC_1_15v_x30_BSE"
"785_CC_2_15v_x30_BSE.jpg","785_CC_2_15v_x30_BSE"
"786_CC_1_15v_x30_BSE.jpg","786_CC_1_15v_x30_BSE"
"786_CC_2_15v_x30_BSE.jpg","786_CC_2_15v_x30_BSE"
"787_CC_1_15v_x30_BSE.jpg","787_CC_1_15v_x30_BSE"
"787_CC_2_15v_x30_BSE.jpg","787_CC_2_15v_x30_BSE"
"788_CV_1_15v_x30_BSE.jpg","788_CV_1_15v_x30_BSE"
"788_CV_2_15v_x30_BSE.jpg","788_CV_2_15v_x30_BSE"
"791_CC_1_15v_x30_BSE.jpg","791_CC_1_15v_x30_BSE"
"791_CC_2_15v_x30_BSE.jpg","791_CC_2_15v_x30_BSE"
"792_CV_1_15v_x30_BSE.jpg","792_CV_1_15v_x30_BSE"
"792_CV_2_15v_x30_BSE.jpg","792_CV_2_15v_x30_BSE"
"793_CV_1_15v_x30_BSE.jpg","793_CV_1_15v_x30_BSE"
"793_CV_2_15v_x30_BSE.jpg","793_CV_2_15v_x30_BSE"
"794_CV_1_15v_x30_BSE.jpg","794_CV_1_15v_x30_BSE"
"794_CV_2_15v_x30_BSE.jpg","794_CV_2_15v_x30_BSE"
"795_CV_1_15v_x30_BSE.jpg","795_CV_1_15v_x30_BSE"
"795_CV_2_15v_x30_BSE.jpg","795_CV_2_15v_x30_BSE"
"796_CC_1_15v_x30_BSE.jpg","796_CC_1_15v_x30_BSE"
"796_CC_2_15v_x30_BSE.jpg","796_CC_2_15v_x30_BSE"
"797_CV_1_15v_x30.BSE.jpg","797_CV_1_15v_x30"
"797_CV_2_15v_x30.BSE.jpg","797_CV_2_15v_x30"
"798_CV_1_15v_x30.BSE.jpg","798_CV_1_15v_x30"
"798_CV_2_15v_x30.BSE.jpg","798_CV_2_15v_x30"
"799_CC_1_15v_x30.BSE.jpg","799_CC_1_15v_x30"
"799_CC_2_15v_x30.BSE.jpg","799_CC_2_15v_x30"
"801_CC_1_10v_x30_BSE.jpg","801_CC_1_10v_x30_BSE"
"801_CC_2_10v_x30_BSE.jpg","801_CC_2_10v_x30_BSE"
"802_CV_1_10v_x30_BSE.jpg","802_CV_1_10v_x30_BSE"
"802_CV_2_10v_x30_BSE.jpg","802_CV_2_10v_x30_BSE"
"802_CV_3_10v_x30_BSE.jpg","802_CV_3_10v_x30_BSE"
"803_CV_1_10v_x30_BSE.jpg","803_CV_1_10v_x30_BSE"
"803_CV_2_10v_x30_BSE.jpg","803_CV_2_10v_x30_BSE"
"805_CV_1_10v_x30_BSE.jpg","805_CV_1_10v_x30_BSE"
"805_CV_2_10v_x30_BSE.jpg","805_CV_2_10v_x30_BSE"
"806_CV_1_10v_x30_BSE.jpg","806_CV_1_10v_x30_BSE"
"806_CV_2_10v_x30_BSE.jpg","806_CV_2_10v_x30_BSE"
"808_CC_1_10v_x30_BSE.jpg","808_CC_1_10v_x30_BSE"
"808_CC_2_10v_x30_BSE.jpg","808_CC_2_10v_x30_BSE"
"810_CV_1_10v_x30_BSE.jpg","810_CV_1_10v_x30_BSE"
"810_CV_2_10v_x30_BSE.jpg","810_CV_2_10v_x30_BSE"
"812_CC_1_10v_x30_BSE.jpg","812_CC_1_10v_x30_BSE"
"812_CC_2_10v_x30_BSE.jpg","812_CC_2_10v_x30_BSE"
"813_CC_1_10v_x30_BSE.jpg","813_CC_1_10v_x30_BSE"
"813_CC_2_10v_x30_BSE.jpg","813_CC_2_10v_x30_BSE"
"816_CC_1_10v_x30_BSE.jpg","816_CC_1_10v_x30_BSE"
"816_CC_2_10v_x30_BSE.jpg","816_CC_2_10v_x30_BSE"
"818_CC_1_10v_x30_BSE.jpg","818_CC_1_10v_x30_BSE"
"818_CC_2_10v_x30_BSE.jpg","818_CC_2_10v_x30_BSE"
"819_F_1_10v_x30_BSE.jpg","819_F_1_10v_x30_BSE"
"819_F_2_10v_x30_BSE.jpg","819_F_2_10v_x30_BSE"
"824_CV_1_10v_x30_BSE.jpg","824_CV_1_10v_x30_BSE"
"824_CV_2_10v_x30_BSE.jpg","824_CV_2_10v_x30_BSE"
"824_CV_3_10v_x30_BSE.jpg","824_CV_3_10v_x30_BSE"
"825_CV_1_10v_x30_BSE.jpg","825_CV_1_10v_x30_BSE"
"825_CV_2_10v_x30_BSE.jpg","825_CV_2_10v_x30_BSE"
"826_CV_1_10v_x30_BSE.jpg","826_CV_1_10v_x30_BSE"
"826_CV_2_10v_x30_BSE.jpg","826_CV_2_10v_x30_BSE"
"827_CC_1_10v_x30_BSE.jpg","827_CC_1_10v_x30_BSE"
"827_CC_2_10v_x30_BSE.jpg","827_CC_2_10v_x30_BSE"
"828_F_1_10v_x30_BSE.jpg","828_F_1_10v_x30_BSE"
"828_F_2_10v_x30_BSE.jpg","828_F_2_10v_x30_BSE"
"828_F_3_10v_x30_BSE.jpg","828_F_3_10v_x30_BSE"
"829_CC_1_15v_x30_BSE.jpg","829_CC_1_15v_x30_BSE"
"829_CC_2_15v_x30_BSE.jpg","829_CC_2_15v_x30_BSE"
"830_CV_1_15v_x30_BSE.jpg","830_CV_1_15v_x30_BSE"
"833_CV_1_15v_x30_BSE.jpg","833_CV_1_15v_x30_BSE"
"833_CV_2_15v_x30_BSE.jpg","833_CV_2_15v_x30_BSE"
"835_F_1_15v_x30_BSE.jpg","835_F_1_15v_x30_BSE"
"835_F_2_15v_x30_BSE.jpg","835_F_2_15v_x30_BSE"
"836_CC_1_15v_x30_BSE.jpg","836_CC_1_15v_x30_BSE"
"836_CC_2_15v_x30_BSE.jpg","836_CC_2_15v_x30_BSE"
"837_CV_1_15V_x30_BSE.jpg","837_CV_1_15V_x30_BSE"
"837_CV_2_15V_x30_BSE.jpg","837_CV_2_15V_x30_BSE"
"838_CV_1_15V_x30_BSE.jpg","838_CV_1_15V_x30_BSE"
"838_CV_2_15V_x30_BSE.jpg","838_CV_2_15V_x30_BSE"
"840_CV_1_15V_x30_BSE.jpg","840_CV_1_15V_x30_BSE"
"840_CV_2_15V_x30_BSE.jpg","840_CV_2_15V_x30_BSE"
"840_CV_3_15V_x30_BSE.jpg","840_CV_3_15V_x30_BSE"
"841_CV_1_15V_x30_BSE.jpg","841_CV_1_15V_x30_BSE"
"841_CV_2_15V_x30_BSE.jpg","841_CV_2_15V_x30_BSE"
"841_CV_3_15V_x30_BSE.jpg","841_CV_3_15V_x30_BSE"
"842_CV_1_15V_x30_BSE.jpg","842_CV_1_15V_x30_BSE"
